[2025-07-28 00:02:04.385] [DBG] [] Adding embedded font collection...
[2025-07-28 00:02:04.405] [DBG] [] Embedded font collection added successfully
[2025-07-28 00:02:04.425] [INF] [] Application framework initialization starting
[2025-07-28 00:02:04.627] [DBG] [] Creating splash screen
[2025-07-28 00:02:04.838] [INF] [] [Layout] [Avalonia.Layout.LayoutManager] Started layout pass. To measure: 0 To arrange: 0
[2025-07-28 00:02:04.842] [INF] [] [Layout] [Avalonia.Layout.LayoutManager] Layout pass finished in "00:00:00.0020458"
[2025-07-28 00:02:04.943] [INF] [] [Layout] [Avalonia.Layout.LayoutManager] Started layout pass. To measure: 3 To arrange: 0
[2025-07-28 00:02:04.945] [INF] [] [Layout] [Avalonia.Layout.LayoutManager] Layout pass finished in "00:00:00.0009023"
[2025-07-28 00:02:05.976] [DBG] [] Checking server availability
[2025-07-28 00:02:06.076] [INF] [] [Layout] [Avalonia.Layout.LayoutManager] Started layout pass. To measure: 1 To arrange: 0
[2025-07-28 00:02:06.079] [INF] [] [Layout] [Avalonia.Layout.LayoutManager] Layout pass finished in "00:00:00.0007032"
[2025-07-28 00:02:08.259] [INF] [] [Layout] [Avalonia.Layout.LayoutManager] Started layout pass. To measure: 1 To arrange: 0
[2025-07-28 00:02:08.262] [INF] [] [Layout] [Avalonia.Layout.LayoutManager] Layout pass finished in "00:00:00.0006068"
[2025-07-28 00:02:11.300] [DBG] [] Splash screen closed
[2025-07-28 00:02:11.301] [DBG] [] Creating authentication window
[2025-07-28 00:02:11.374] [INF] [] [Layout] [Avalonia.Layout.LayoutManager] Started layout pass. To measure: 0 To arrange: 0
[2025-07-28 00:02:11.375] [INF] [] [Layout] [Avalonia.Layout.LayoutManager] Layout pass finished in "00:00:00.0000030"
[2025-07-28 00:02:11.540] [INF] [] [Layout] [Avalonia.Layout.LayoutManager] Started layout pass. To measure: 2 To arrange: 0
[2025-07-28 00:02:11.541] [INF] [] [Layout] [Avalonia.Layout.LayoutManager] Layout pass finished in "00:00:00.0000117"
[2025-07-28 00:02:11.546] [INF] [] [Layout] [Avalonia.Layout.LayoutManager] Started layout pass. To measure: 1 To arrange: 0
[2025-07-28 00:02:11.548] [INF] [] [Layout] [Avalonia.Layout.LayoutManager] Layout pass finished in "00:00:00.0010623"
[2025-07-28 00:02:11.564] [INF] [] [Layout] [Avalonia.Layout.LayoutManager] Started layout pass. To measure: 4 To arrange: 0
[2025-07-28 00:02:11.566] [INF] [] [Layout] [Avalonia.Layout.LayoutManager] Layout pass finished in "00:00:00.0002289"
[2025-07-28 00:02:12.138] [INF] [] [Layout] [Avalonia.Layout.LayoutManager] Started layout pass. To measure: 1 To arrange: 1
[2025-07-28 00:02:12.144] [INF] [] [Layout] [Avalonia.Layout.LayoutManager] Layout pass finished in "00:00:00.0040941"
[2025-07-28 00:02:12.383] [INF] [] [Layout] [Avalonia.Layout.LayoutManager] Started layout pass. To measure: 3 To arrange: 0
[2025-07-28 00:02:12.388] [INF] [] [Layout] [Avalonia.Layout.LayoutManager] Layout pass finished in "00:00:00.0003170"
[2025-07-28 00:02:12.591] [INF] [] [Layout] [Avalonia.Layout.LayoutManager] Started layout pass. To measure: 1 To arrange: 0
[2025-07-28 00:02:12.592] [INF] [] [Layout] [Avalonia.Layout.LayoutManager] Layout pass finished in "00:00:00.0002307"
[2025-07-28 00:02:13.005] [INF] [] [Layout] [Avalonia.Layout.LayoutManager] Started layout pass. To measure: 1 To arrange: 0
[2025-07-28 00:02:13.007] [INF] [] [Layout] [Avalonia.Layout.LayoutManager] Layout pass finished in "00:00:00.0002693"
[2025-07-28 00:02:13.164] [INF] [] [Layout] [Avalonia.Layout.LayoutManager] Started layout pass. To measure: 3 To arrange: 0
[2025-07-28 00:02:13.166] [INF] [] [Layout] [Avalonia.Layout.LayoutManager] Layout pass finished in "00:00:00.0006357"
[2025-07-28 00:02:13.546] [INF] [] [Layout] [Avalonia.Layout.LayoutManager] Started layout pass. To measure: 2 To arrange: 0
[2025-07-28 00:02:13.551] [INF] [] [Layout] [Avalonia.Layout.LayoutManager] Layout pass finished in "00:00:00.0008987"
[2025-07-28 00:02:13.740] [INF] [] [Layout] [Avalonia.Layout.LayoutManager] Started layout pass. To measure: 1 To arrange: 0
[2025-07-28 00:02:13.742] [INF] [] [Layout] [Avalonia.Layout.LayoutManager] Layout pass finished in "00:00:00.0002938"
[2025-07-28 00:02:13.882] [INF] [] [Layout] [Avalonia.Layout.LayoutManager] Started layout pass. To measure: 1 To arrange: 0
[2025-07-28 00:02:13.884] [INF] [] [Layout] [Avalonia.Layout.LayoutManager] Layout pass finished in "00:00:00.0002593"
[2025-07-28 00:02:14.116] [INF] [] [Layout] [Avalonia.Layout.LayoutManager] Started layout pass. To measure: 1 To arrange: 0
[2025-07-28 00:02:14.119] [INF] [] [Layout] [Avalonia.Layout.LayoutManager] Layout pass finished in "00:00:00.0005080"
[2025-07-28 00:02:14.122] [INF] [] [Layout] [Avalonia.Layout.LayoutManager] Started layout pass. To measure: 1 To arrange: 0
[2025-07-28 00:02:14.124] [INF] [] [Layout] [Avalonia.Layout.LayoutManager] Layout pass finished in "00:00:00.0002027"
[2025-07-28 00:02:14.484] [INF] [] [Layout] [Avalonia.Layout.LayoutManager] Started layout pass. To measure: 1 To arrange: 0
[2025-07-28 00:02:14.487] [INF] [] [Layout] [Avalonia.Layout.LayoutManager] Layout pass finished in "00:00:00.0004113"
[2025-07-28 00:02:14.728] [INF] [] [Layout] [Avalonia.Layout.LayoutManager] Started layout pass. To measure: 1 To arrange: 0
[2025-07-28 00:02:14.731] [INF] [] [Layout] [Avalonia.Layout.LayoutManager] Layout pass finished in "00:00:00.0005552"
[2025-07-28 00:02:14.916] [INF] [] [Layout] [Avalonia.Layout.LayoutManager] Started layout pass. To measure: 4 To arrange: 1
[2025-07-28 00:02:14.925] [INF] [] [Layout] [Avalonia.Layout.LayoutManager] Layout pass finished in "00:00:00.0067784"
[2025-07-28 00:02:15.164] [INF] [] [Layout] [Avalonia.Layout.LayoutManager] Started layout pass. To measure: 3 To arrange: 0
[2025-07-28 00:02:15.166] [INF] [] [Layout] [Avalonia.Layout.LayoutManager] Layout pass finished in "00:00:00.0001723"
[2025-07-28 00:02:15.349] [INF] [] [Layout] [Avalonia.Layout.LayoutManager] Started layout pass. To measure: 1 To arrange: 0
[2025-07-28 00:02:15.350] [INF] [] [Layout] [Avalonia.Layout.LayoutManager] Layout pass finished in "00:00:00.0001489"
[2025-07-28 00:02:15.438] [INF] [] [Layout] [Avalonia.Layout.LayoutManager] Started layout pass. To measure: 1 To arrange: 0
[2025-07-28 00:02:15.439] [INF] [] [Layout] [Avalonia.Layout.LayoutManager] Layout pass finished in "00:00:00.0001597"
[2025-07-28 00:02:15.637] [INF] [] [Layout] [Avalonia.Layout.LayoutManager] Started layout pass. To measure: 1 To arrange: 0
[2025-07-28 00:02:15.640] [INF] [] [Layout] [Avalonia.Layout.LayoutManager] Layout pass finished in "00:00:00.0005072"
[2025-07-28 00:02:15.829] [INF] [] [Layout] [Avalonia.Layout.LayoutManager] Started layout pass. To measure: 1 To arrange: 0
[2025-07-28 00:02:15.833] [INF] [] [Layout] [Avalonia.Layout.LayoutManager] Layout pass finished in "00:00:00.0010338"
[2025-07-28 00:02:17.168] [INF] [] [Layout] [Avalonia.Layout.LayoutManager] Started layout pass. To measure: 6 To arrange: 0
[2025-07-28 00:02:17.169] [INF] [] [Layout] [Avalonia.Layout.LayoutManager] Layout pass finished in "00:00:00.0001242"
[2025-07-28 00:02:17.328] [INF] [] [Layout] [Avalonia.Layout.LayoutManager] Started layout pass. To measure: 2 To arrange: 0
[2025-07-28 00:02:17.330] [INF] [] [Layout] [Avalonia.Layout.LayoutManager] Layout pass finished in "00:00:00.0007802"
[2025-07-28 00:02:19.925] [INF] [] Administrator successfully authenticated
[2025-07-28 00:02:19.943] [DBG] [] Auth window closed with result: true
[2025-07-28 00:02:19.944] [INF] [] Authentication successful, initializing main window
[2025-07-28 00:02:20.015] [INF] [] Main window initialized
[2025-07-28 00:02:20.017] [INF] [] [Layout] [Avalonia.Layout.LayoutManager] Started layout pass. To measure: 0 To arrange: 0
[2025-07-28 00:02:20.018] [INF] [] [Layout] [Avalonia.Layout.LayoutManager] Layout pass finished in "00:00:00.0000041"
[2025-07-28 00:02:20.138] [WRN] [] [Binding] [Avalonia.Labs.Input.CommandBinding] An error occurred binding ExecutingCommand to StartDefaultProjectCommand at StartDefaultProjectCommand: Unable to cast object of type 'SuperNova.Forms.ViewModels.MainWindowViewModel' to type 'SuperNova.MainViewViewModel'.
[2025-07-28 00:02:20.176] [WRN] [] [Binding] [Avalonia.Labs.Input.CommandBinding] An error occurred binding ExecutingCommand to StartDefaultProjectWithFullCompileCommand at StartDefaultProjectWithFullCompileCommand: Unable to cast object of type 'SuperNova.Forms.ViewModels.MainWindowViewModel' to type 'SuperNova.MainViewViewModel'.
[2025-07-28 00:02:20.210] [WRN] [] [Binding] [Avalonia.Labs.Input.CommandBinding] An error occurred binding ExecutingCommand to BreakProjectCommand at BreakProjectCommand: Unable to cast object of type 'SuperNova.Forms.ViewModels.MainWindowViewModel' to type 'SuperNova.MainViewViewModel'.
[2025-07-28 00:02:20.246] [WRN] [] [Binding] [Avalonia.Labs.Input.CommandBinding] An error occurred binding ExecutingCommand to EndProjectCommand at EndProjectCommand: Unable to cast object of type 'SuperNova.Forms.ViewModels.MainWindowViewModel' to type 'SuperNova.MainViewViewModel'.
[2025-07-28 00:02:20.280] [WRN] [] [Binding] [Avalonia.Labs.Input.CommandBinding] An error occurred binding ExecutingCommand to RestartProjectCommand at RestartProjectCommand: Unable to cast object of type 'SuperNova.Forms.ViewModels.MainWindowViewModel' to type 'SuperNova.MainViewViewModel'.
[2025-07-28 00:02:20.313] [WRN] [] [Binding] [Avalonia.Labs.Input.CommandBinding] An error occurred binding ExecutingCommand to MakeProjectCommand at MakeProjectCommand: Unable to cast object of type 'SuperNova.Forms.ViewModels.MainWindowViewModel' to type 'SuperNova.MainViewViewModel'.
[2025-07-28 00:02:20.380] [WRN] [] [Binding] [Avalonia.Labs.Input.CommandBinding] An error occurred binding ExecutingCommand to RemoveProjectCommand at RemoveProjectCommand: Unable to cast object of type 'SuperNova.Forms.ViewModels.MainWindowViewModel' to type 'SuperNova.MainViewViewModel'.
[2025-07-28 00:02:20.464] [WRN] [] [Binding] [Avalonia.Labs.Input.CommandBinding] An error occurred binding ExecutingCommand to ProjectReferencesCommand at ProjectReferencesCommand: Unable to cast object of type 'SuperNova.Forms.ViewModels.MainWindowViewModel' to type 'SuperNova.MainViewViewModel'.
[2025-07-28 00:02:20.532] [WRN] [] [Binding] [Avalonia.Labs.Input.CommandBinding] An error occurred binding ExecutingCommand to ProjectComponentsCommand at ProjectComponentsCommand: Unable to cast object of type 'SuperNova.Forms.ViewModels.MainWindowViewModel' to type 'SuperNova.MainViewViewModel'.
[2025-07-28 00:02:20.590] [WRN] [] [Binding] [Avalonia.Labs.Input.CommandBinding] An error occurred binding ExecutingCommand to ProjectPropertiesCommand at ProjectPropertiesCommand: Unable to cast object of type 'SuperNova.Forms.ViewModels.MainWindowViewModel' to type 'SuperNova.MainViewViewModel'.
[2025-07-28 00:02:20.639] [WRN] [] [Binding] [Avalonia.Controls.Border] An error occurred binding IsVisible to IsStandardToolbarVisible at IsStandardToolbarVisible: Unable to cast object of type 'SuperNova.Forms.ViewModels.MainWindowViewModel' to type 'SuperNova.MainViewViewModel'.
[2025-07-28 00:02:20.692] [WRN] [] [Binding] [Dock.Avalonia.Controls.DockControl] An error occurred binding Layout to Layout at Layout: Unable to cast object of type 'SuperNova.Forms.ViewModels.MainWindowViewModel' to type 'SuperNova.MainViewViewModel'.
[2025-07-28 00:02:20.714] [WRN] [] [Binding] [Avalonia.Controls.Primitives.Popup] An error occurred binding MinWidth to $parent[TextBox].Bounds.Width at $parent[TextBox]: Ancestor not found.
[2025-07-28 00:02:20.719] [WRN] [] [Binding] [Avalonia.Controls.Primitives.Popup] An error occurred binding MinWidth to $parent[TextBox].Bounds.Width at $parent[TextBox]: Ancestor not found.
[2025-07-28 00:02:20.721] [WRN] [] [Binding] [Avalonia.Controls.Primitives.Popup] An error occurred binding MinWidth to $parent[TextBox].Bounds.Width at $parent[TextBox]: Ancestor not found.
[2025-07-28 00:02:20.723] [WRN] [] [Binding] [Avalonia.Controls.Primitives.Popup] An error occurred binding MinWidth to $parent[TextBox].Bounds.Width at $parent[TextBox]: Ancestor not found.
[2025-07-28 00:02:20.724] [WRN] [] [Binding] [Avalonia.Controls.Primitives.Popup] An error occurred binding MinWidth to $parent[TextBox].Bounds.Width at $parent[TextBox]: Ancestor not found.
[2025-07-28 00:02:20.726] [WRN] [] [Binding] [Avalonia.Controls.Primitives.Popup] An error occurred binding MinWidth to $parent[TextBox].Bounds.Width at $parent[TextBox]: Ancestor not found.
[2025-07-28 00:02:20.785] [WRN] [] [Binding] [Avalonia.Controls.TextBlock] An error occurred binding Text to FocusedProjectUtil.FocusedComponentPosition at FocusedProjectUtil: Unable to cast object of type 'SuperNova.Forms.ViewModels.MainWindowViewModel' to type 'SuperNova.MainViewViewModel'.
[2025-07-28 00:02:20.786] [WRN] [] [Binding] [Avalonia.Controls.TextBlock] An error occurred binding Text to FocusedProjectUtil.FocusedComponentSize at FocusedProjectUtil: Unable to cast object of type 'SuperNova.Forms.ViewModels.MainWindowViewModel' to type 'SuperNova.MainViewViewModel'.
[2025-07-28 00:02:20.814] [INF] [] [Layout] [Avalonia.Layout.LayoutManager] Started layout pass. To measure: 16 To arrange: 0
[2025-07-28 00:02:20.816] [INF] [] [Layout] [Avalonia.Layout.LayoutManager] Layout pass finished in "00:00:00.0002190"
[2025-07-28 00:02:20.818] [INF] [] [Layout] [Avalonia.Layout.LayoutManager] Started layout pass. To measure: 1 To arrange: 0
[2025-07-28 00:02:20.819] [INF] [] [Layout] [Avalonia.Layout.LayoutManager] Layout pass finished in "00:00:00.0002358"
[2025-07-28 00:02:20.832] [INF] [] Application framework initialization completed
[2025-07-28 00:02:20.838] [INF] [] [Layout] [Avalonia.Layout.LayoutManager] Started layout pass. To measure: 5 To arrange: 1
[2025-07-28 00:02:20.840] [INF] [] [Layout] [Avalonia.Layout.LayoutManager] Layout pass finished in "00:00:00.0008351"
[2025-07-28 00:02:20.854] [INF] [] [Layout] [Avalonia.Layout.LayoutManager] Started layout pass. To measure: 8 To arrange: 0
[2025-07-28 00:02:20.856] [INF] [] [Layout] [Avalonia.Layout.LayoutManager] Layout pass finished in "00:00:00.0004069"
[2025-07-28 00:02:20.857] [INF] [] [Layout] [Avalonia.Layout.LayoutManager] Started layout pass. To measure: 1 To arrange: 0
[2025-07-28 00:02:20.858] [INF] [] [Layout] [Avalonia.Layout.LayoutManager] Layout pass finished in "00:00:00.0000267"
[2025-07-28 00:02:20.859] [INF] [] [Layout] [Avalonia.Layout.LayoutManager] Started layout pass. To measure: 4 To arrange: 0
[2025-07-28 00:02:20.861] [INF] [] [Layout] [Avalonia.Layout.LayoutManager] Layout pass finished in "00:00:00.0001444"
[2025-07-28 00:02:20.915] [INF] [] [Layout] [Avalonia.Layout.LayoutManager] Started layout pass. To measure: 1 To arrange: 0
[2025-07-28 00:02:20.916] [INF] [] [Layout] [Avalonia.Layout.LayoutManager] Layout pass finished in "00:00:00.0001570"
[2025-07-28 00:02:20.923] [INF] [] [Layout] [Avalonia.Layout.LayoutManager] Started layout pass. To measure: 1 To arrange: 0
[2025-07-28 00:02:20.925] [INF] [] [Layout] [Avalonia.Layout.LayoutManager] Layout pass finished in "00:00:00.0000256"
[2025-07-28 00:02:20.930] [INF] [] [Layout] [Avalonia.Layout.LayoutManager] Started layout pass. To measure: 1 To arrange: 0
[2025-07-28 00:02:20.952] [INF] [] [Layout] [Avalonia.Layout.LayoutManager] Layout pass finished in "00:00:00.0000300"
[2025-07-28 00:02:20.965] [INF] [] [Layout] [Avalonia.Layout.LayoutManager] Started layout pass. To measure: 1 To arrange: 0
[2025-07-28 00:02:20.966] [INF] [] [Layout] [Avalonia.Layout.LayoutManager] Layout pass finished in "00:00:00.0001277"
[2025-07-28 00:02:21.728] [INF] [] [Layout] [Avalonia.Layout.LayoutManager] Started layout pass. To measure: 1 To arrange: 0
[2025-07-28 00:02:21.729] [INF] [] [Layout] [Avalonia.Layout.LayoutManager] Layout pass finished in "00:00:00.0000070"
[2025-07-28 00:02:22.701] [INF] [] [Layout] [Avalonia.Layout.LayoutManager] Started layout pass. To measure: 3 To arrange: 0
[2025-07-28 00:02:22.705] [INF] [] [Layout] [Avalonia.Layout.LayoutManager] Layout pass finished in "00:00:00.0000892"
[2025-07-28 00:02:22.711] [INF] [] [Layout] [Avalonia.Layout.LayoutManager] Started layout pass. To measure: 1 To arrange: 1
[2025-07-28 00:02:22.712] [INF] [] [Layout] [Avalonia.Layout.LayoutManager] Layout pass finished in "00:00:00.0000279"
[2025-07-28 00:02:23.842] [FTL] [] CRITICAL: Unhandled exception in Avalonia startup
System.InvalidCastException: Unable to cast object of type 'SuperNova.Forms.ViewModels.MainWindowViewModel' to type 'SuperNova.MainViewViewModel'.
   at CompiledAvaloniaXaml.XamlIlTrampolines.SuperNova:SuperNova.MainViewViewModel+About_0!CommandExecuteTrampoline(Object, Object)
   at Avalonia.Data.Core.ExpressionNodes.MethodCommandNode.Command.Execute(Object parameter)
   at Avalonia.Labs.Input.CommandBinding.OnExecutedRedirect(Object sender, ExecutedRoutedEventArgs e) in G:\codesecondfolder\BRU-Avtopark-Avtobusov\SuperNova\AvaloniaLabs.CommandManager\CommandBinding.cs:line 168
   at Avalonia.Labs.Input.CommandBinding.OnExecuted(Object sender, ExecutedRoutedEventArgs e) in G:\codesecondfolder\BRU-Avtopark-Avtobusov\SuperNova\AvaloniaLabs.CommandManager\CommandBinding.cs:line 139
   at Avalonia.Labs.Input.CommandManager.ExecutedEventHandler(InputElement inputElement, ExecutedRoutedEventArgs args) in G:\codesecondfolder\BRU-Avtopark-Avtobusov\SuperNova\AvaloniaLabs.CommandManager\CommandManager.cs:line 233
   at Avalonia.Reactive.LightweightObservableBase`1.PublishNext(T value)
   at Avalonia.Interactivity.EventRoute.RaiseEventImpl(RoutedEventArgs e)
   at Avalonia.Interactivity.Interactive.RaiseEvent(RoutedEventArgs e)
   at Avalonia.Labs.Input.RoutedCommand.ExecuteCore(Object parameter, IInputElement target) in G:\codesecondfolder\BRU-Avtopark-Avtobusov\SuperNova\AvaloniaLabs.CommandManager\RoutedCommand.cs:line 156
   at Avalonia.Labs.Input.RoutedCommand.System.Windows.Input.ICommand.Execute(Object parameter) in G:\codesecondfolder\BRU-Avtopark-Avtobusov\SuperNova\AvaloniaLabs.CommandManager\RoutedCommand.cs:line 121
   at Avalonia.Controls.MenuItem.OnClick(RoutedEventArgs e)
   at Avalonia.Controls.MenuItem.<>c.<.cctor>b__23_0(MenuItem x, RoutedEventArgs e)
   at Avalonia.Reactive.LightweightObservableBase`1.PublishNext(T value)
   at Avalonia.Interactivity.EventRoute.RaiseEventImpl(RoutedEventArgs e)
   at Avalonia.Interactivity.Interactive.RaiseEvent(RoutedEventArgs e)
   at Avalonia.Controls.MenuItem.Avalonia.Controls.IMenuItem.RaiseClick()
   at Avalonia.Controls.Platform.DefaultMenuInteractionHandler.Click(IMenuItem item)
   at Avalonia.Controls.Platform.DefaultMenuInteractionHandler.PointerReleased(Object sender, PointerReleasedEventArgs e)
   at Avalonia.Interactivity.EventRoute.RaiseEventImpl(RoutedEventArgs e)
   at Avalonia.Interactivity.Interactive.RaiseEvent(RoutedEventArgs e)
   at Avalonia.Input.MouseDevice.MouseUp(IMouseDevice device, UInt64 timestamp, IInputRoot root, Point p, PointerPointProperties props, KeyModifiers inputModifiers, IInputElement hitTest)
   at Avalonia.Input.MouseDevice.ProcessRawEvent(RawPointerEventArgs e)
   at Avalonia.Threading.Dispatcher.Send(SendOrPostCallback action, Object arg, Nullable`1 priority)
   at Avalonia.Controls.TopLevel.HandleInput(RawInputEventArgs e)
   at Avalonia.Win32.WindowImpl.AppWndProc(IntPtr hWnd, UInt32 msg, IntPtr wParam, IntPtr lParam)
   at Avalonia.Win32.PopupImpl.WndProc(IntPtr hWnd, UInt32 msg, IntPtr wParam, IntPtr lParam)
   at Avalonia.Win32.WindowImpl.WndProcMessageHandler(IntPtr hWnd, UInt32 msg, IntPtr wParam, IntPtr lParam)
   at Avalonia.Win32.Interop.UnmanagedMethods.DispatchMessage(MSG& lpmsg)
   at Avalonia.Win32.Win32DispatcherImpl.RunLoop(CancellationToken cancellationToken)
   at Avalonia.Threading.DispatcherFrame.Run(IControlledDispatcherImpl impl)
   at Avalonia.Threading.Dispatcher.PushFrame(DispatcherFrame frame)
   at Avalonia.Threading.Dispatcher.MainLoop(CancellationToken cancellationToken)
   at Avalonia.Controls.ApplicationLifetimes.ClassicDesktopStyleApplicationLifetime.StartCore(String[] args)
   at Avalonia.Controls.ApplicationLifetimes.ClassicDesktopStyleApplicationLifetime.Start(String[] args)
   at Avalonia.ClassicDesktopStyleApplicationLifetimeExtensions.StartWithClassicDesktopLifetime(AppBuilder builder, String[] args, ShutdownMode shutdownMode)
   at SuperNova.Desktop.Program.SafeStartAvalonia(String[] args) in G:\codesecondfolder\BRU-Avtopark-Avtobusov\SuperNova.Desktop\Program.cs:line 196
[2025-07-28 00:02:23.882] [FTL] [] Exception type: InvalidCastException
[2025-07-28 00:02:23.883] [FTL] [] Exception message: Unable to cast object of type 'SuperNova.Forms.ViewModels.MainWindowViewModel' to type 'SuperNova.MainViewViewModel'.
[2025-07-28 00:02:23.884] [FTL] [] Stack trace:    at CompiledAvaloniaXaml.XamlIlTrampolines.SuperNova:SuperNova.MainViewViewModel+About_0!CommandExecuteTrampoline(Object, Object)
   at Avalonia.Data.Core.ExpressionNodes.MethodCommandNode.Command.Execute(Object parameter)
   at Avalonia.Labs.Input.CommandBinding.OnExecutedRedirect(Object sender, ExecutedRoutedEventArgs e) in G:\codesecondfolder\BRU-Avtopark-Avtobusov\SuperNova\AvaloniaLabs.CommandManager\CommandBinding.cs:line 168
   at Avalonia.Labs.Input.CommandBinding.OnExecuted(Object sender, ExecutedRoutedEventArgs e) in G:\codesecondfolder\BRU-Avtopark-Avtobusov\SuperNova\AvaloniaLabs.CommandManager\CommandBinding.cs:line 139
   at Avalonia.Labs.Input.CommandManager.ExecutedEventHandler(InputElement inputElement, ExecutedRoutedEventArgs args) in G:\codesecondfolder\BRU-Avtopark-Avtobusov\SuperNova\AvaloniaLabs.CommandManager\CommandManager.cs:line 233
   at Avalonia.Reactive.LightweightObservableBase`1.PublishNext(T value)
   at Avalonia.Interactivity.EventRoute.RaiseEventImpl(RoutedEventArgs e)
   at Avalonia.Interactivity.Interactive.RaiseEvent(RoutedEventArgs e)
   at Avalonia.Labs.Input.RoutedCommand.ExecuteCore(Object parameter, IInputElement target) in G:\codesecondfolder\BRU-Avtopark-Avtobusov\SuperNova\AvaloniaLabs.CommandManager\RoutedCommand.cs:line 156
   at Avalonia.Labs.Input.RoutedCommand.System.Windows.Input.ICommand.Execute(Object parameter) in G:\codesecondfolder\BRU-Avtopark-Avtobusov\SuperNova\AvaloniaLabs.CommandManager\RoutedCommand.cs:line 121
   at Avalonia.Controls.MenuItem.OnClick(RoutedEventArgs e)
   at Avalonia.Controls.MenuItem.<>c.<.cctor>b__23_0(MenuItem x, RoutedEventArgs e)
   at Avalonia.Reactive.LightweightObservableBase`1.PublishNext(T value)
   at Avalonia.Interactivity.EventRoute.RaiseEventImpl(RoutedEventArgs e)
   at Avalonia.Interactivity.Interactive.RaiseEvent(RoutedEventArgs e)
   at Avalonia.Controls.MenuItem.Avalonia.Controls.IMenuItem.RaiseClick()
   at Avalonia.Controls.Platform.DefaultMenuInteractionHandler.Click(IMenuItem item)
   at Avalonia.Controls.Platform.DefaultMenuInteractionHandler.PointerReleased(Object sender, PointerReleasedEventArgs e)
   at Avalonia.Interactivity.EventRoute.RaiseEventImpl(RoutedEventArgs e)
   at Avalonia.Interactivity.Interactive.RaiseEvent(RoutedEventArgs e)
   at Avalonia.Input.MouseDevice.MouseUp(IMouseDevice device, UInt64 timestamp, IInputRoot root, Point p, PointerPointProperties props, KeyModifiers inputModifiers, IInputElement hitTest)
   at Avalonia.Input.MouseDevice.ProcessRawEvent(RawPointerEventArgs e)
   at Avalonia.Threading.Dispatcher.Send(SendOrPostCallback action, Object arg, Nullable`1 priority)
   at Avalonia.Controls.TopLevel.HandleInput(RawInputEventArgs e)
   at Avalonia.Win32.WindowImpl.AppWndProc(IntPtr hWnd, UInt32 msg, IntPtr wParam, IntPtr lParam)
   at Avalonia.Win32.PopupImpl.WndProc(IntPtr hWnd, UInt32 msg, IntPtr wParam, IntPtr lParam)
   at Avalonia.Win32.WindowImpl.WndProcMessageHandler(IntPtr hWnd, UInt32 msg, IntPtr wParam, IntPtr lParam)
   at Avalonia.Win32.Interop.UnmanagedMethods.DispatchMessage(MSG& lpmsg)
   at Avalonia.Win32.Win32DispatcherImpl.RunLoop(CancellationToken cancellationToken)
   at Avalonia.Threading.DispatcherFrame.Run(IControlledDispatcherImpl impl)
   at Avalonia.Threading.Dispatcher.PushFrame(DispatcherFrame frame)
   at Avalonia.Threading.Dispatcher.MainLoop(CancellationToken cancellationToken)
   at Avalonia.Controls.ApplicationLifetimes.ClassicDesktopStyleApplicationLifetime.StartCore(String[] args)
   at Avalonia.Controls.ApplicationLifetimes.ClassicDesktopStyleApplicationLifetime.Start(String[] args)
   at Avalonia.ClassicDesktopStyleApplicationLifetimeExtensions.StartWithClassicDesktopLifetime(AppBuilder builder, String[] args, ShutdownMode shutdownMode)
   at SuperNova.Desktop.Program.SafeStartAvalonia(String[] args) in G:\codesecondfolder\BRU-Avtopark-Avtobusov\SuperNova.Desktop\Program.cs:line 196
[2025-07-28 00:02:23.886] [INF] [] [ForceLogDump] Forcing log flush and diagnostic dump before fatal error.
[2025-07-28 00:05:15.679] [DBG] [] Adding embedded font collection...
[2025-07-28 00:05:15.698] [DBG] [] Embedded font collection added successfully
[2025-07-28 00:05:15.714] [INF] [] Application framework initialization starting
[2025-07-28 00:05:15.917] [DBG] [] Creating splash screen
[2025-07-28 00:05:16.117] [INF] [] [Layout] [Avalonia.Layout.LayoutManager] Started layout pass. To measure: 0 To arrange: 0
[2025-07-28 00:05:16.122] [INF] [] [Layout] [Avalonia.Layout.LayoutManager] Layout pass finished in "00:00:00.0021511"
[2025-07-28 00:05:16.213] [INF] [] [Layout] [Avalonia.Layout.LayoutManager] Started layout pass. To measure: 3 To arrange: 0
[2025-07-28 00:05:16.215] [INF] [] [Layout] [Avalonia.Layout.LayoutManager] Layout pass finished in "00:00:00.0009495"
[2025-07-28 00:05:17.243] [DBG] [] Checking server availability
[2025-07-28 00:05:17.321] [INF] [] [Layout] [Avalonia.Layout.LayoutManager] Started layout pass. To measure: 1 To arrange: 0
[2025-07-28 00:05:17.324] [INF] [] [Layout] [Avalonia.Layout.LayoutManager] Layout pass finished in "00:00:00.0008215"
[2025-07-28 00:05:19.512] [INF] [] [Layout] [Avalonia.Layout.LayoutManager] Started layout pass. To measure: 1 To arrange: 0
[2025-07-28 00:05:19.514] [INF] [] [Layout] [Avalonia.Layout.LayoutManager] Layout pass finished in "00:00:00.0007604"
[2025-07-28 00:05:22.583] [DBG] [] Splash screen closed
[2025-07-28 00:05:22.584] [DBG] [] Creating authentication window
[2025-07-28 00:05:22.698] [INF] [] [Layout] [Avalonia.Layout.LayoutManager] Started layout pass. To measure: 0 To arrange: 0
[2025-07-28 00:05:22.699] [INF] [] [Layout] [Avalonia.Layout.LayoutManager] Layout pass finished in "00:00:00.0000026"
[2025-07-28 00:05:22.867] [INF] [] [Layout] [Avalonia.Layout.LayoutManager] Started layout pass. To measure: 2 To arrange: 0
[2025-07-28 00:05:22.869] [INF] [] [Layout] [Avalonia.Layout.LayoutManager] Layout pass finished in "00:00:00.0000116"
[2025-07-28 00:05:22.873] [INF] [] [Layout] [Avalonia.Layout.LayoutManager] Started layout pass. To measure: 1 To arrange: 0
[2025-07-28 00:05:22.875] [INF] [] [Layout] [Avalonia.Layout.LayoutManager] Layout pass finished in "00:00:00.0010775"
[2025-07-28 00:05:22.894] [INF] [] [Layout] [Avalonia.Layout.LayoutManager] Started layout pass. To measure: 4 To arrange: 0
[2025-07-28 00:05:22.896] [INF] [] [Layout] [Avalonia.Layout.LayoutManager] Layout pass finished in "00:00:00.0003821"
[2025-07-28 00:05:23.485] [INF] [] [Layout] [Avalonia.Layout.LayoutManager] Started layout pass. To measure: 1 To arrange: 1
[2025-07-28 00:05:23.487] [INF] [] [Layout] [Avalonia.Layout.LayoutManager] Layout pass finished in "00:00:00.0009496"
[2025-07-28 00:05:23.732] [INF] [] [Layout] [Avalonia.Layout.LayoutManager] Started layout pass. To measure: 3 To arrange: 0
[2025-07-28 00:05:23.734] [INF] [] [Layout] [Avalonia.Layout.LayoutManager] Layout pass finished in "00:00:00.0002885"
[2025-07-28 00:05:23.919] [INF] [] [Layout] [Avalonia.Layout.LayoutManager] Started layout pass. To measure: 1 To arrange: 0
[2025-07-28 00:05:23.920] [INF] [] [Layout] [Avalonia.Layout.LayoutManager] Layout pass finished in "00:00:00.0002683"
[2025-07-28 00:05:24.531] [INF] [] [Layout] [Avalonia.Layout.LayoutManager] Started layout pass. To measure: 1 To arrange: 0
[2025-07-28 00:05:24.538] [INF] [] [Layout] [Avalonia.Layout.LayoutManager] Layout pass finished in "00:00:00.0020531"
[2025-07-28 00:05:24.751] [INF] [] [Layout] [Avalonia.Layout.LayoutManager] Started layout pass. To measure: 1 To arrange: 0
[2025-07-28 00:05:24.753] [INF] [] [Layout] [Avalonia.Layout.LayoutManager] Layout pass finished in "00:00:00.0003327"
[2025-07-28 00:05:24.960] [INF] [] [Layout] [Avalonia.Layout.LayoutManager] Started layout pass. To measure: 1 To arrange: 0
[2025-07-28 00:05:24.962] [INF] [] [Layout] [Avalonia.Layout.LayoutManager] Layout pass finished in "00:00:00.0002562"
[2025-07-28 00:05:25.141] [INF] [] [Layout] [Avalonia.Layout.LayoutManager] Started layout pass. To measure: 4 To arrange: 1
[2025-07-28 00:05:25.150] [INF] [] [Layout] [Avalonia.Layout.LayoutManager] Layout pass finished in "00:00:00.0077162"
[2025-07-28 00:05:25.457] [INF] [] [Layout] [Avalonia.Layout.LayoutManager] Started layout pass. To measure: 3 To arrange: 0
[2025-07-28 00:05:25.459] [INF] [] [Layout] [Avalonia.Layout.LayoutManager] Layout pass finished in "00:00:00.0007648"
[2025-07-28 00:05:25.694] [INF] [] [Layout] [Avalonia.Layout.LayoutManager] Started layout pass. To measure: 1 To arrange: 0
[2025-07-28 00:05:25.698] [INF] [] [Layout] [Avalonia.Layout.LayoutManager] Layout pass finished in "00:00:00.0012935"
[2025-07-28 00:05:25.808] [INF] [] [Layout] [Avalonia.Layout.LayoutManager] Started layout pass. To measure: 1 To arrange: 0
[2025-07-28 00:05:25.810] [INF] [] [Layout] [Avalonia.Layout.LayoutManager] Layout pass finished in "00:00:00.0002220"
[2025-07-28 00:05:26.000] [INF] [] [Layout] [Avalonia.Layout.LayoutManager] Started layout pass. To measure: 1 To arrange: 0
[2025-07-28 00:05:26.002] [INF] [] [Layout] [Avalonia.Layout.LayoutManager] Layout pass finished in "00:00:00.0002219"
[2025-07-28 00:05:26.194] [INF] [] [Layout] [Avalonia.Layout.LayoutManager] Started layout pass. To measure: 1 To arrange: 0
[2025-07-28 00:05:26.201] [INF] [] [Layout] [Avalonia.Layout.LayoutManager] Layout pass finished in "00:00:00.0006323"
[2025-07-28 00:05:27.404] [INF] [] [Layout] [Avalonia.Layout.LayoutManager] Started layout pass. To measure: 6 To arrange: 0
[2025-07-28 00:05:27.405] [INF] [] [Layout] [Avalonia.Layout.LayoutManager] Layout pass finished in "00:00:00.0001631"
[2025-07-28 00:05:27.590] [INF] [] [Layout] [Avalonia.Layout.LayoutManager] Started layout pass. To measure: 2 To arrange: 0
[2025-07-28 00:05:27.592] [INF] [] [Layout] [Avalonia.Layout.LayoutManager] Layout pass finished in "00:00:00.0009577"
[2025-07-28 00:05:30.236] [INF] [] Administrator successfully authenticated
[2025-07-28 00:05:30.257] [DBG] [] Auth window closed with result: true
[2025-07-28 00:05:30.259] [INF] [] Authentication successful, initializing main window
[2025-07-28 00:05:30.378] [INF] [] Main window initialized
[2025-07-28 00:05:30.384] [INF] [] [Layout] [Avalonia.Layout.LayoutManager] Started layout pass. To measure: 0 To arrange: 0
[2025-07-28 00:05:30.387] [INF] [] [Layout] [Avalonia.Layout.LayoutManager] Layout pass finished in "00:00:00.0000095"
[2025-07-28 00:05:30.536] [WRN] [] [Binding] [Avalonia.Labs.Input.CommandBinding] An error occurred binding ExecutingCommand to StartDefaultProjectCommand at StartDefaultProjectCommand: Unable to cast object of type 'SuperNova.Forms.ViewModels.MainWindowViewModel' to type 'SuperNova.MainViewViewModel'.
[2025-07-28 00:05:30.575] [WRN] [] [Binding] [Avalonia.Labs.Input.CommandBinding] An error occurred binding ExecutingCommand to StartDefaultProjectWithFullCompileCommand at StartDefaultProjectWithFullCompileCommand: Unable to cast object of type 'SuperNova.Forms.ViewModels.MainWindowViewModel' to type 'SuperNova.MainViewViewModel'.
[2025-07-28 00:05:30.611] [WRN] [] [Binding] [Avalonia.Labs.Input.CommandBinding] An error occurred binding ExecutingCommand to BreakProjectCommand at BreakProjectCommand: Unable to cast object of type 'SuperNova.Forms.ViewModels.MainWindowViewModel' to type 'SuperNova.MainViewViewModel'.
[2025-07-28 00:05:30.646] [WRN] [] [Binding] [Avalonia.Labs.Input.CommandBinding] An error occurred binding ExecutingCommand to EndProjectCommand at EndProjectCommand: Unable to cast object of type 'SuperNova.Forms.ViewModels.MainWindowViewModel' to type 'SuperNova.MainViewViewModel'.
[2025-07-28 00:05:30.680] [WRN] [] [Binding] [Avalonia.Labs.Input.CommandBinding] An error occurred binding ExecutingCommand to RestartProjectCommand at RestartProjectCommand: Unable to cast object of type 'SuperNova.Forms.ViewModels.MainWindowViewModel' to type 'SuperNova.MainViewViewModel'.
[2025-07-28 00:05:30.720] [WRN] [] [Binding] [Avalonia.Labs.Input.CommandBinding] An error occurred binding ExecutingCommand to MakeProjectCommand at MakeProjectCommand: Unable to cast object of type 'SuperNova.Forms.ViewModels.MainWindowViewModel' to type 'SuperNova.MainViewViewModel'.
[2025-07-28 00:05:30.759] [WRN] [] [Binding] [Avalonia.Labs.Input.CommandBinding] An error occurred binding ExecutingCommand to RemoveProjectCommand at RemoveProjectCommand: Unable to cast object of type 'SuperNova.Forms.ViewModels.MainWindowViewModel' to type 'SuperNova.MainViewViewModel'.
[2025-07-28 00:05:30.802] [WRN] [] [Binding] [Avalonia.Labs.Input.CommandBinding] An error occurred binding ExecutingCommand to ProjectReferencesCommand at ProjectReferencesCommand: Unable to cast object of type 'SuperNova.Forms.ViewModels.MainWindowViewModel' to type 'SuperNova.MainViewViewModel'.
[2025-07-28 00:05:30.855] [WRN] [] [Binding] [Avalonia.Labs.Input.CommandBinding] An error occurred binding ExecutingCommand to ProjectComponentsCommand at ProjectComponentsCommand: Unable to cast object of type 'SuperNova.Forms.ViewModels.MainWindowViewModel' to type 'SuperNova.MainViewViewModel'.
[2025-07-28 00:05:30.914] [WRN] [] [Binding] [Avalonia.Labs.Input.CommandBinding] An error occurred binding ExecutingCommand to ProjectPropertiesCommand at ProjectPropertiesCommand: Unable to cast object of type 'SuperNova.Forms.ViewModels.MainWindowViewModel' to type 'SuperNova.MainViewViewModel'.
[2025-07-28 00:05:30.969] [WRN] [] [Binding] [Avalonia.Controls.Border] An error occurred binding IsVisible to IsStandardToolbarVisible at IsStandardToolbarVisible: Unable to cast object of type 'SuperNova.Forms.ViewModels.MainWindowViewModel' to type 'SuperNova.MainViewViewModel'.
[2025-07-28 00:05:31.006] [WRN] [] [Binding] [Dock.Avalonia.Controls.DockControl] An error occurred binding Layout to Layout at Layout: Unable to cast object of type 'SuperNova.Forms.ViewModels.MainWindowViewModel' to type 'SuperNova.MainViewViewModel'.
[2025-07-28 00:05:31.030] [WRN] [] [Binding] [Avalonia.Controls.Primitives.Popup] An error occurred binding MinWidth to $parent[TextBox].Bounds.Width at $parent[TextBox]: Ancestor not found.
[2025-07-28 00:05:31.035] [WRN] [] [Binding] [Avalonia.Controls.Primitives.Popup] An error occurred binding MinWidth to $parent[TextBox].Bounds.Width at $parent[TextBox]: Ancestor not found.
[2025-07-28 00:05:31.037] [WRN] [] [Binding] [Avalonia.Controls.Primitives.Popup] An error occurred binding MinWidth to $parent[TextBox].Bounds.Width at $parent[TextBox]: Ancestor not found.
[2025-07-28 00:05:31.039] [WRN] [] [Binding] [Avalonia.Controls.Primitives.Popup] An error occurred binding MinWidth to $parent[TextBox].Bounds.Width at $parent[TextBox]: Ancestor not found.
[2025-07-28 00:05:31.041] [WRN] [] [Binding] [Avalonia.Controls.Primitives.Popup] An error occurred binding MinWidth to $parent[TextBox].Bounds.Width at $parent[TextBox]: Ancestor not found.
[2025-07-28 00:05:31.043] [WRN] [] [Binding] [Avalonia.Controls.Primitives.Popup] An error occurred binding MinWidth to $parent[TextBox].Bounds.Width at $parent[TextBox]: Ancestor not found.
[2025-07-28 00:05:31.106] [WRN] [] [Binding] [Avalonia.Controls.TextBlock] An error occurred binding Text to FocusedProjectUtil.FocusedComponentPosition at FocusedProjectUtil: Unable to cast object of type 'SuperNova.Forms.ViewModels.MainWindowViewModel' to type 'SuperNova.MainViewViewModel'.
[2025-07-28 00:05:31.107] [WRN] [] [Binding] [Avalonia.Controls.TextBlock] An error occurred binding Text to FocusedProjectUtil.FocusedComponentSize at FocusedProjectUtil: Unable to cast object of type 'SuperNova.Forms.ViewModels.MainWindowViewModel' to type 'SuperNova.MainViewViewModel'.
[2025-07-28 00:05:31.137] [INF] [] [Layout] [Avalonia.Layout.LayoutManager] Started layout pass. To measure: 16 To arrange: 0
[2025-07-28 00:05:31.139] [INF] [] [Layout] [Avalonia.Layout.LayoutManager] Layout pass finished in "00:00:00.0003062"
[2025-07-28 00:05:31.141] [INF] [] [Layout] [Avalonia.Layout.LayoutManager] Started layout pass. To measure: 1 To arrange: 0
[2025-07-28 00:05:31.143] [INF] [] [Layout] [Avalonia.Layout.LayoutManager] Layout pass finished in "00:00:00.0002702"
[2025-07-28 00:05:31.155] [INF] [] Application framework initialization completed
[2025-07-28 00:05:31.161] [INF] [] [Layout] [Avalonia.Layout.LayoutManager] Started layout pass. To measure: 5 To arrange: 1
[2025-07-28 00:05:31.163] [INF] [] [Layout] [Avalonia.Layout.LayoutManager] Layout pass finished in "00:00:00.0008010"
[2025-07-28 00:05:31.179] [INF] [] [Layout] [Avalonia.Layout.LayoutManager] Started layout pass. To measure: 8 To arrange: 0
[2025-07-28 00:05:31.181] [INF] [] [Layout] [Avalonia.Layout.LayoutManager] Layout pass finished in "00:00:00.0004147"
[2025-07-28 00:05:31.182] [INF] [] [Layout] [Avalonia.Layout.LayoutManager] Started layout pass. To measure: 4 To arrange: 0
[2025-07-28 00:05:31.203] [INF] [] [Layout] [Avalonia.Layout.LayoutManager] Layout pass finished in "00:00:00.0001472"
[2025-07-28 00:05:31.204] [INF] [] [Layout] [Avalonia.Layout.LayoutManager] Started layout pass. To measure: 1 To arrange: 0
[2025-07-28 00:05:31.206] [INF] [] [Layout] [Avalonia.Layout.LayoutManager] Layout pass finished in "00:00:00.0002862"
[2025-07-28 00:05:31.257] [INF] [] [Layout] [Avalonia.Layout.LayoutManager] Started layout pass. To measure: 1 To arrange: 0
[2025-07-28 00:05:31.259] [INF] [] [Layout] [Avalonia.Layout.LayoutManager] Layout pass finished in "00:00:00.0001395"
[2025-07-28 00:05:31.265] [INF] [] [Layout] [Avalonia.Layout.LayoutManager] Started layout pass. To measure: 1 To arrange: 0
[2025-07-28 00:05:31.266] [INF] [] [Layout] [Avalonia.Layout.LayoutManager] Layout pass finished in "00:00:00.0001703"
[2025-07-28 00:05:31.993] [INF] [] [Layout] [Avalonia.Layout.LayoutManager] Started layout pass. To measure: 3 To arrange: 0
[2025-07-28 00:05:31.995] [INF] [] [Layout] [Avalonia.Layout.LayoutManager] Layout pass finished in "00:00:00.0000758"
[2025-07-28 00:05:32.001] [INF] [] [Layout] [Avalonia.Layout.LayoutManager] Started layout pass. To measure: 1 To arrange: 1
[2025-07-28 00:05:32.004] [INF] [] [Layout] [Avalonia.Layout.LayoutManager] Layout pass finished in "00:00:00.0000350"
[2025-07-28 00:05:33.026] [FTL] [] CRITICAL: Unhandled exception in Avalonia startup
System.InvalidCastException: Unable to cast object of type 'SuperNova.Forms.ViewModels.MainWindowViewModel' to type 'SuperNova.MainViewViewModel'.
   at CompiledAvaloniaXaml.XamlIlTrampolines.SuperNova:SuperNova.MainViewViewModel+About_0!CommandExecuteTrampoline(Object, Object)
   at Avalonia.Data.Core.ExpressionNodes.MethodCommandNode.Command.Execute(Object parameter)
   at Avalonia.Labs.Input.CommandBinding.OnExecutedRedirect(Object sender, ExecutedRoutedEventArgs e) in G:\codesecondfolder\BRU-Avtopark-Avtobusov\SuperNova\AvaloniaLabs.CommandManager\CommandBinding.cs:line 168
   at Avalonia.Labs.Input.CommandBinding.OnExecuted(Object sender, ExecutedRoutedEventArgs e) in G:\codesecondfolder\BRU-Avtopark-Avtobusov\SuperNova\AvaloniaLabs.CommandManager\CommandBinding.cs:line 139
   at Avalonia.Labs.Input.CommandManager.ExecutedEventHandler(InputElement inputElement, ExecutedRoutedEventArgs args) in G:\codesecondfolder\BRU-Avtopark-Avtobusov\SuperNova\AvaloniaLabs.CommandManager\CommandManager.cs:line 233
   at Avalonia.Reactive.LightweightObservableBase`1.PublishNext(T value)
   at Avalonia.Interactivity.EventRoute.RaiseEventImpl(RoutedEventArgs e)
   at Avalonia.Interactivity.Interactive.RaiseEvent(RoutedEventArgs e)
   at Avalonia.Labs.Input.RoutedCommand.ExecuteCore(Object parameter, IInputElement target) in G:\codesecondfolder\BRU-Avtopark-Avtobusov\SuperNova\AvaloniaLabs.CommandManager\RoutedCommand.cs:line 156
   at Avalonia.Labs.Input.RoutedCommand.System.Windows.Input.ICommand.Execute(Object parameter) in G:\codesecondfolder\BRU-Avtopark-Avtobusov\SuperNova\AvaloniaLabs.CommandManager\RoutedCommand.cs:line 121
   at Avalonia.Controls.MenuItem.OnClick(RoutedEventArgs e)
   at Avalonia.Controls.MenuItem.<>c.<.cctor>b__23_0(MenuItem x, RoutedEventArgs e)
   at Avalonia.Reactive.LightweightObservableBase`1.PublishNext(T value)
   at Avalonia.Interactivity.EventRoute.RaiseEventImpl(RoutedEventArgs e)
   at Avalonia.Interactivity.Interactive.RaiseEvent(RoutedEventArgs e)
   at Avalonia.Controls.MenuItem.Avalonia.Controls.IMenuItem.RaiseClick()
   at Avalonia.Controls.Platform.DefaultMenuInteractionHandler.Click(IMenuItem item)
   at Avalonia.Controls.Platform.DefaultMenuInteractionHandler.PointerReleased(Object sender, PointerReleasedEventArgs e)
   at Avalonia.Interactivity.Interactive.<AddHandler>g__InvokeAdapter|4_0[TEventArgs](Delegate baseHandler, Object sender, RoutedEventArgs args)
   at Avalonia.Interactivity.Interactive.<>c__4`1.<AddHandler>b__4_1(Delegate baseHandler, Object sender, RoutedEventArgs args)
   at Avalonia.Interactivity.EventRoute.RaiseEventImpl(RoutedEventArgs e)
   at Avalonia.Interactivity.Interactive.RaiseEvent(RoutedEventArgs e)
   at Avalonia.Input.MouseDevice.MouseUp(IMouseDevice device, UInt64 timestamp, IInputRoot root, Point p, PointerPointProperties props, KeyModifiers inputModifiers, IInputElement hitTest)
   at Avalonia.Input.MouseDevice.ProcessRawEvent(RawPointerEventArgs e)
   at Avalonia.Threading.Dispatcher.Send(SendOrPostCallback action, Object arg, Nullable`1 priority)
   at Avalonia.Controls.TopLevel.HandleInput(RawInputEventArgs e)
   at Avalonia.Win32.WindowImpl.AppWndProc(IntPtr hWnd, UInt32 msg, IntPtr wParam, IntPtr lParam)
   at Avalonia.Win32.WindowImpl.WndProc(IntPtr hWnd, UInt32 msg, IntPtr wParam, IntPtr lParam)
   at Avalonia.Win32.PopupImpl.WndProc(IntPtr hWnd, UInt32 msg, IntPtr wParam, IntPtr lParam)
   at Avalonia.Win32.WindowImpl.WndProcMessageHandler(IntPtr hWnd, UInt32 msg, IntPtr wParam, IntPtr lParam)
   at Avalonia.Win32.Interop.UnmanagedMethods.DispatchMessage(MSG& lpmsg)
   at Avalonia.Win32.Win32DispatcherImpl.RunLoop(CancellationToken cancellationToken)
   at Avalonia.Threading.DispatcherFrame.Run(IControlledDispatcherImpl impl)
   at Avalonia.Threading.Dispatcher.PushFrame(DispatcherFrame frame)
   at Avalonia.Threading.Dispatcher.MainLoop(CancellationToken cancellationToken)
   at Avalonia.Controls.ApplicationLifetimes.ClassicDesktopStyleApplicationLifetime.StartCore(String[] args)
   at Avalonia.Controls.ApplicationLifetimes.ClassicDesktopStyleApplicationLifetime.Start(String[] args)
   at Avalonia.ClassicDesktopStyleApplicationLifetimeExtensions.StartWithClassicDesktopLifetime(AppBuilder builder, String[] args, ShutdownMode shutdownMode)
   at SuperNova.Desktop.Program.SafeStartAvalonia(String[] args) in G:\codesecondfolder\BRU-Avtopark-Avtobusov\SuperNova.Desktop\Program.cs:line 196
[2025-07-28 00:05:33.057] [FTL] [] Exception type: InvalidCastException
[2025-07-28 00:05:33.058] [FTL] [] Exception message: Unable to cast object of type 'SuperNova.Forms.ViewModels.MainWindowViewModel' to type 'SuperNova.MainViewViewModel'.
[2025-07-28 00:05:33.060] [FTL] [] Stack trace:    at CompiledAvaloniaXaml.XamlIlTrampolines.SuperNova:SuperNova.MainViewViewModel+About_0!CommandExecuteTrampoline(Object, Object)
   at Avalonia.Data.Core.ExpressionNodes.MethodCommandNode.Command.Execute(Object parameter)
   at Avalonia.Labs.Input.CommandBinding.OnExecutedRedirect(Object sender, ExecutedRoutedEventArgs e) in G:\codesecondfolder\BRU-Avtopark-Avtobusov\SuperNova\AvaloniaLabs.CommandManager\CommandBinding.cs:line 168
   at Avalonia.Labs.Input.CommandBinding.OnExecuted(Object sender, ExecutedRoutedEventArgs e) in G:\codesecondfolder\BRU-Avtopark-Avtobusov\SuperNova\AvaloniaLabs.CommandManager\CommandBinding.cs:line 139
   at Avalonia.Labs.Input.CommandManager.ExecutedEventHandler(InputElement inputElement, ExecutedRoutedEventArgs args) in G:\codesecondfolder\BRU-Avtopark-Avtobusov\SuperNova\AvaloniaLabs.CommandManager\CommandManager.cs:line 233
   at Avalonia.Reactive.LightweightObservableBase`1.PublishNext(T value)
   at Avalonia.Interactivity.EventRoute.RaiseEventImpl(RoutedEventArgs e)
   at Avalonia.Interactivity.Interactive.RaiseEvent(RoutedEventArgs e)
   at Avalonia.Labs.Input.RoutedCommand.ExecuteCore(Object parameter, IInputElement target) in G:\codesecondfolder\BRU-Avtopark-Avtobusov\SuperNova\AvaloniaLabs.CommandManager\RoutedCommand.cs:line 156
   at Avalonia.Labs.Input.RoutedCommand.System.Windows.Input.ICommand.Execute(Object parameter) in G:\codesecondfolder\BRU-Avtopark-Avtobusov\SuperNova\AvaloniaLabs.CommandManager\RoutedCommand.cs:line 121
   at Avalonia.Controls.MenuItem.OnClick(RoutedEventArgs e)
   at Avalonia.Controls.MenuItem.<>c.<.cctor>b__23_0(MenuItem x, RoutedEventArgs e)
   at Avalonia.Reactive.LightweightObservableBase`1.PublishNext(T value)
   at Avalonia.Interactivity.EventRoute.RaiseEventImpl(RoutedEventArgs e)
   at Avalonia.Interactivity.Interactive.RaiseEvent(RoutedEventArgs e)
   at Avalonia.Controls.MenuItem.Avalonia.Controls.IMenuItem.RaiseClick()
   at Avalonia.Controls.Platform.DefaultMenuInteractionHandler.Click(IMenuItem item)
   at Avalonia.Controls.Platform.DefaultMenuInteractionHandler.PointerReleased(Object sender, PointerReleasedEventArgs e)
   at Avalonia.Interactivity.Interactive.<AddHandler>g__InvokeAdapter|4_0[TEventArgs](Delegate baseHandler, Object sender, RoutedEventArgs args)
   at Avalonia.Interactivity.Interactive.<>c__4`1.<AddHandler>b__4_1(Delegate baseHandler, Object sender, RoutedEventArgs args)
   at Avalonia.Interactivity.EventRoute.RaiseEventImpl(RoutedEventArgs e)
   at Avalonia.Interactivity.Interactive.RaiseEvent(RoutedEventArgs e)
   at Avalonia.Input.MouseDevice.MouseUp(IMouseDevice device, UInt64 timestamp, IInputRoot root, Point p, PointerPointProperties props, KeyModifiers inputModifiers, IInputElement hitTest)
   at Avalonia.Input.MouseDevice.ProcessRawEvent(RawPointerEventArgs e)
   at Avalonia.Threading.Dispatcher.Send(SendOrPostCallback action, Object arg, Nullable`1 priority)
   at Avalonia.Controls.TopLevel.HandleInput(RawInputEventArgs e)
   at Avalonia.Win32.WindowImpl.AppWndProc(IntPtr hWnd, UInt32 msg, IntPtr wParam, IntPtr lParam)
   at Avalonia.Win32.WindowImpl.WndProc(IntPtr hWnd, UInt32 msg, IntPtr wParam, IntPtr lParam)
   at Avalonia.Win32.PopupImpl.WndProc(IntPtr hWnd, UInt32 msg, IntPtr wParam, IntPtr lParam)
   at Avalonia.Win32.WindowImpl.WndProcMessageHandler(IntPtr hWnd, UInt32 msg, IntPtr wParam, IntPtr lParam)
   at Avalonia.Win32.Interop.UnmanagedMethods.DispatchMessage(MSG& lpmsg)
   at Avalonia.Win32.Win32DispatcherImpl.RunLoop(CancellationToken cancellationToken)
   at Avalonia.Threading.DispatcherFrame.Run(IControlledDispatcherImpl impl)
   at Avalonia.Threading.Dispatcher.PushFrame(DispatcherFrame frame)
   at Avalonia.Threading.Dispatcher.MainLoop(CancellationToken cancellationToken)
   at Avalonia.Controls.ApplicationLifetimes.ClassicDesktopStyleApplicationLifetime.StartCore(String[] args)
   at Avalonia.Controls.ApplicationLifetimes.ClassicDesktopStyleApplicationLifetime.Start(String[] args)
   at Avalonia.ClassicDesktopStyleApplicationLifetimeExtensions.StartWithClassicDesktopLifetime(AppBuilder builder, String[] args, ShutdownMode shutdownMode)
   at SuperNova.Desktop.Program.SafeStartAvalonia(String[] args) in G:\codesecondfolder\BRU-Avtopark-Avtobusov\SuperNova.Desktop\Program.cs:line 196
[2025-07-28 00:05:33.062] [INF] [] [ForceLogDump] Forcing log flush and diagnostic dump before fatal error.
[2025-07-28 00:09:05.640] [DBG] [] Adding embedded font collection...
[2025-07-28 00:09:05.664] [DBG] [] Embedded font collection added successfully
[2025-07-28 00:09:05.684] [INF] [] Application framework initialization starting
[2025-07-28 00:09:05.881] [DBG] [] Creating splash screen
[2025-07-28 00:09:06.185] [INF] [] [Layout] [Avalonia.Layout.LayoutManager] Started layout pass. To measure: 0 To arrange: 0
[2025-07-28 00:09:06.190] [INF] [] [Layout] [Avalonia.Layout.LayoutManager] Layout pass finished in "00:00:00.0019818"
[2025-07-28 00:09:06.282] [INF] [] [Layout] [Avalonia.Layout.LayoutManager] Started layout pass. To measure: 3 To arrange: 0
[2025-07-28 00:09:06.284] [INF] [] [Layout] [Avalonia.Layout.LayoutManager] Layout pass finished in "00:00:00.0007715"
[2025-07-28 00:09:07.307] [DBG] [] Checking server availability
[2025-07-28 00:09:07.415] [INF] [] [Layout] [Avalonia.Layout.LayoutManager] Started layout pass. To measure: 1 To arrange: 0
[2025-07-28 00:09:07.419] [INF] [] [Layout] [Avalonia.Layout.LayoutManager] Layout pass finished in "00:00:00.0006866"
[2025-07-28 00:09:09.680] [INF] [] [Layout] [Avalonia.Layout.LayoutManager] Started layout pass. To measure: 1 To arrange: 0
[2025-07-28 00:09:09.682] [INF] [] [Layout] [Avalonia.Layout.LayoutManager] Layout pass finished in "00:00:00.0005453"
[2025-07-28 00:09:12.749] [DBG] [] Splash screen closed
[2025-07-28 00:09:12.751] [DBG] [] Creating authentication window
[2025-07-28 00:09:12.829] [INF] [] [Layout] [Avalonia.Layout.LayoutManager] Started layout pass. To measure: 0 To arrange: 0
[2025-07-28 00:09:12.830] [INF] [] [Layout] [Avalonia.Layout.LayoutManager] Layout pass finished in "00:00:00.0000045"
[2025-07-28 00:09:13.093] [INF] [] [Layout] [Avalonia.Layout.LayoutManager] Started layout pass. To measure: 2 To arrange: 0
[2025-07-28 00:09:13.097] [INF] [] [Layout] [Avalonia.Layout.LayoutManager] Layout pass finished in "00:00:00.0000184"
[2025-07-28 00:09:13.111] [INF] [] [Layout] [Avalonia.Layout.LayoutManager] Started layout pass. To measure: 1 To arrange: 0
[2025-07-28 00:09:13.117] [INF] [] [Layout] [Avalonia.Layout.LayoutManager] Layout pass finished in "00:00:00.0026859"
[2025-07-28 00:09:13.136] [INF] [] [Layout] [Avalonia.Layout.LayoutManager] Started layout pass. To measure: 4 To arrange: 0
[2025-07-28 00:09:13.138] [INF] [] [Layout] [Avalonia.Layout.LayoutManager] Layout pass finished in "00:00:00.0002255"
[2025-07-28 00:09:13.779] [INF] [] [Layout] [Avalonia.Layout.LayoutManager] Started layout pass. To measure: 1 To arrange: 1
[2025-07-28 00:09:13.783] [INF] [] [Layout] [Avalonia.Layout.LayoutManager] Layout pass finished in "00:00:00.0027286"
[2025-07-28 00:09:14.383] [INF] [] [Layout] [Avalonia.Layout.LayoutManager] Started layout pass. To measure: 3 To arrange: 0
[2025-07-28 00:09:14.384] [INF] [] [Layout] [Avalonia.Layout.LayoutManager] Layout pass finished in "00:00:00.0003341"
[2025-07-28 00:09:14.889] [INF] [] [Layout] [Avalonia.Layout.LayoutManager] Started layout pass. To measure: 1 To arrange: 0
[2025-07-28 00:09:14.892] [INF] [] [Layout] [Avalonia.Layout.LayoutManager] Layout pass finished in "00:00:00.0006925"
[2025-07-28 00:09:15.446] [INF] [] [Layout] [Avalonia.Layout.LayoutManager] Started layout pass. To measure: 1 To arrange: 0
[2025-07-28 00:09:15.452] [INF] [] [Layout] [Avalonia.Layout.LayoutManager] Layout pass finished in "00:00:00.0011412"
[2025-07-28 00:09:15.778] [INF] [] [Layout] [Avalonia.Layout.LayoutManager] Started layout pass. To measure: 1 To arrange: 0
[2025-07-28 00:09:15.780] [INF] [] [Layout] [Avalonia.Layout.LayoutManager] Layout pass finished in "00:00:00.0002591"
[2025-07-28 00:09:15.912] [INF] [] [Layout] [Avalonia.Layout.LayoutManager] Started layout pass. To measure: 1 To arrange: 0
[2025-07-28 00:09:15.914] [INF] [] [Layout] [Avalonia.Layout.LayoutManager] Layout pass finished in "00:00:00.0002062"
[2025-07-28 00:09:16.143] [INF] [] [Layout] [Avalonia.Layout.LayoutManager] Started layout pass. To measure: 1 To arrange: 0
[2025-07-28 00:09:16.148] [INF] [] [Layout] [Avalonia.Layout.LayoutManager] Layout pass finished in "00:00:00.0003273"
[2025-07-28 00:09:16.345] [INF] [] [Layout] [Avalonia.Layout.LayoutManager] Started layout pass. To measure: 1 To arrange: 0
[2025-07-28 00:09:16.347] [INF] [] [Layout] [Avalonia.Layout.LayoutManager] Layout pass finished in "00:00:00.0002903"
[2025-07-28 00:09:16.488] [INF] [] [Layout] [Avalonia.Layout.LayoutManager] Started layout pass. To measure: 4 To arrange: 1
[2025-07-28 00:09:16.496] [INF] [] [Layout] [Avalonia.Layout.LayoutManager] Layout pass finished in "00:00:00.0066838"
[2025-07-28 00:09:16.698] [INF] [] [Layout] [Avalonia.Layout.LayoutManager] Started layout pass. To measure: 3 To arrange: 0
[2025-07-28 00:09:16.701] [INF] [] [Layout] [Avalonia.Layout.LayoutManager] Layout pass finished in "00:00:00.0005629"
[2025-07-28 00:09:16.893] [INF] [] [Layout] [Avalonia.Layout.LayoutManager] Started layout pass. To measure: 1 To arrange: 0
[2025-07-28 00:09:16.894] [INF] [] [Layout] [Avalonia.Layout.LayoutManager] Layout pass finished in "00:00:00.0001967"
[2025-07-28 00:09:16.974] [INF] [] [Layout] [Avalonia.Layout.LayoutManager] Started layout pass. To measure: 1 To arrange: 0
[2025-07-28 00:09:16.976] [INF] [] [Layout] [Avalonia.Layout.LayoutManager] Layout pass finished in "00:00:00.0002060"
[2025-07-28 00:09:17.156] [INF] [] [Layout] [Avalonia.Layout.LayoutManager] Started layout pass. To measure: 1 To arrange: 0
[2025-07-28 00:09:17.157] [INF] [] [Layout] [Avalonia.Layout.LayoutManager] Layout pass finished in "00:00:00.0001501"
[2025-07-28 00:09:17.333] [INF] [] [Layout] [Avalonia.Layout.LayoutManager] Started layout pass. To measure: 1 To arrange: 0
[2025-07-28 00:09:17.337] [INF] [] [Layout] [Avalonia.Layout.LayoutManager] Layout pass finished in "00:00:00.0004873"
[2025-07-28 00:09:18.969] [INF] [] [Layout] [Avalonia.Layout.LayoutManager] Started layout pass. To measure: 6 To arrange: 0
[2025-07-28 00:09:18.971] [INF] [] [Layout] [Avalonia.Layout.LayoutManager] Layout pass finished in "00:00:00.0001849"
[2025-07-28 00:09:19.083] [INF] [] [Layout] [Avalonia.Layout.LayoutManager] Started layout pass. To measure: 2 To arrange: 0
[2025-07-28 00:09:19.114] [INF] [] [Layout] [Avalonia.Layout.LayoutManager] Layout pass finished in "00:00:00.0013972"
[2025-07-28 00:09:21.629] [INF] [] Administrator successfully authenticated
[2025-07-28 00:09:21.645] [DBG] [] Auth window closed with result: true
[2025-07-28 00:09:21.647] [INF] [] Authentication successful, initializing main window
[2025-07-28 00:09:21.719] [INF] [] Main window initialized
[2025-07-28 00:09:21.722] [INF] [] [Layout] [Avalonia.Layout.LayoutManager] Started layout pass. To measure: 0 To arrange: 0
[2025-07-28 00:09:21.724] [INF] [] [Layout] [Avalonia.Layout.LayoutManager] Layout pass finished in "00:00:00.0000050"
[2025-07-28 00:09:21.784] [WRN] [] [Binding] [Avalonia.Controls.Primitives.Popup] An error occurred binding MinWidth to $parent[TextBox].Bounds.Width at $parent[TextBox]: Ancestor not found.
[2025-07-28 00:09:21.789] [WRN] [] [Binding] [Avalonia.Controls.Primitives.Popup] An error occurred binding MinWidth to $parent[TextBox].Bounds.Width at $parent[TextBox]: Ancestor not found.
[2025-07-28 00:09:21.791] [WRN] [] [Binding] [Avalonia.Controls.Primitives.Popup] An error occurred binding MinWidth to $parent[TextBox].Bounds.Width at $parent[TextBox]: Ancestor not found.
[2025-07-28 00:09:21.793] [WRN] [] [Binding] [Avalonia.Controls.Primitives.Popup] An error occurred binding MinWidth to $parent[TextBox].Bounds.Width at $parent[TextBox]: Ancestor not found.
[2025-07-28 00:09:21.795] [WRN] [] [Binding] [Avalonia.Controls.Primitives.Popup] An error occurred binding MinWidth to $parent[TextBox].Bounds.Width at $parent[TextBox]: Ancestor not found.
[2025-07-28 00:09:21.796] [WRN] [] [Binding] [Avalonia.Controls.Primitives.Popup] An error occurred binding MinWidth to $parent[TextBox].Bounds.Width at $parent[TextBox]: Ancestor not found.
[2025-07-28 00:09:21.856] [WRN] [] [Binding] [Dock.Avalonia.Controls.ToolPinnedControl] An error occurred binding IsVisible to !!LeftPinnedDockables.Count at LeftPinnedDockables: Value is null.
[2025-07-28 00:09:21.858] [WRN] [] [Binding] [Dock.Avalonia.Controls.ToolPinnedControl] An error occurred binding IsVisible to !!RightPinnedDockables.Count at RightPinnedDockables: Value is null.
[2025-07-28 00:09:21.859] [WRN] [] [Binding] [Dock.Avalonia.Controls.ToolPinnedControl] An error occurred binding IsVisible to !!TopPinnedDockables.Count at TopPinnedDockables: Value is null.
[2025-07-28 00:09:21.860] [WRN] [] [Binding] [Dock.Avalonia.Controls.ToolPinnedControl] An error occurred binding IsVisible to !!BottomPinnedDockables.Count at BottomPinnedDockables: Value is null.
[2025-07-28 00:09:21.863] [WRN] [] [Binding] [Dock.Avalonia.Controls.PinnedDockControl] An error occurred binding PinnedDockAlignment to PinnedDock.Alignment at PinnedDock: Value is null.
[2025-07-28 00:09:22.059] [WRN] [] [Binding] [Avalonia.Controls.Grid] An error occurred binding IsVisible to !PinnedDock.IsEmpty at PinnedDock: Value is null.
[2025-07-28 00:09:22.086] [INF] [] [Layout] [Avalonia.Layout.LayoutManager] Started layout pass. To measure: 34 To arrange: 0
[2025-07-28 00:09:22.089] [INF] [] [Layout] [Avalonia.Layout.LayoutManager] Layout pass finished in "00:00:00.0009259"
[2025-07-28 00:09:22.092] [INF] [] [Layout] [Avalonia.Layout.LayoutManager] Started layout pass. To measure: 1 To arrange: 0
[2025-07-28 00:09:22.096] [INF] [] [Layout] [Avalonia.Layout.LayoutManager] Layout pass finished in "00:00:00.0022988"
[2025-07-28 00:09:22.109] [INF] [] Application framework initialization completed
[2025-07-28 00:09:22.117] [INF] [] [Layout] [Avalonia.Layout.LayoutManager] Started layout pass. To measure: 5 To arrange: 2
[2025-07-28 00:09:22.120] [INF] [] [Layout] [Avalonia.Layout.LayoutManager] Layout pass finished in "00:00:00.0010378"
[2025-07-28 00:09:22.151] [INF] [] [Layout] [Avalonia.Layout.LayoutManager] Started layout pass. To measure: 8 To arrange: 0
[2025-07-28 00:09:22.155] [INF] [] [Layout] [Avalonia.Layout.LayoutManager] Layout pass finished in "00:00:00.0028411"
[2025-07-28 00:09:22.156] [INF] [] [Layout] [Avalonia.Layout.LayoutManager] Started layout pass. To measure: 4 To arrange: 0
[2025-07-28 00:09:22.162] [INF] [] [Layout] [Avalonia.Layout.LayoutManager] Layout pass finished in "00:00:00.0048542"
[2025-07-28 00:09:22.165] [INF] [] [Layout] [Avalonia.Layout.LayoutManager] Started layout pass. To measure: 1 To arrange: 0
[2025-07-28 00:09:22.170] [INF] [] [Layout] [Avalonia.Layout.LayoutManager] Layout pass finished in "00:00:00.0035102"
[2025-07-28 00:09:22.255] [INF] [] [Layout] [Avalonia.Layout.LayoutManager] Started layout pass. To measure: 1 To arrange: 0
[2025-07-28 00:09:22.259] [INF] [] [Layout] [Avalonia.Layout.LayoutManager] Layout pass finished in "00:00:00.0025195"
[2025-07-28 00:09:22.965] [INF] [] [Layout] [Avalonia.Layout.LayoutManager] Started layout pass. To measure: 3 To arrange: 0
[2025-07-28 00:09:22.967] [INF] [] [Layout] [Avalonia.Layout.LayoutManager] Layout pass finished in "00:00:00.0000725"
[2025-07-28 00:09:22.971] [INF] [] [Layout] [Avalonia.Layout.LayoutManager] Started layout pass. To measure: 1 To arrange: 1
[2025-07-28 00:09:22.972] [INF] [] [Layout] [Avalonia.Layout.LayoutManager] Layout pass finished in "00:00:00.0000695"
[2025-07-28 00:09:23.933] [INF] [] [Layout] [Avalonia.Layout.LayoutManager] Started layout pass. To measure: 0 To arrange: 0
[2025-07-28 00:09:23.935] [INF] [] [Layout] [Avalonia.Layout.LayoutManager] Layout pass finished in "00:00:00.0000028"
[2025-07-28 00:09:23.941] [INF] [] [Layout] [Avalonia.Layout.LayoutManager] Started layout pass. To measure: 2 To arrange: 0
[2025-07-28 00:09:23.942] [INF] [] [Layout] [Avalonia.Layout.LayoutManager] Layout pass finished in "00:00:00.0000050"
[2025-07-28 00:09:23.962] [INF] [] [Layout] [Avalonia.Layout.LayoutManager] Started layout pass. To measure: 1 To arrange: 0
[2025-07-28 00:09:23.964] [INF] [] [Layout] [Avalonia.Layout.LayoutManager] Layout pass finished in "00:00:00.0008836"
[2025-07-28 00:09:23.972] [INF] [] [Layout] [Avalonia.Layout.LayoutManager] Started layout pass. To measure: 5 To arrange: 2
[2025-07-28 00:09:23.973] [INF] [] [Layout] [Avalonia.Layout.LayoutManager] Layout pass finished in "00:00:00.0001949"
[2025-07-28 00:09:23.974] [INF] [] [Layout] [Avalonia.Layout.LayoutManager] Started layout pass. To measure: 4 To arrange: 0
[2025-07-28 00:09:23.976] [INF] [] [Layout] [Avalonia.Layout.LayoutManager] Layout pass finished in "00:00:00.0001298"
[2025-07-28 00:09:24.865] [INF] [] [Layout] [Avalonia.Layout.LayoutManager] Started layout pass. To measure: 1 To arrange: 0
[2025-07-28 00:09:24.866] [INF] [] [Layout] [Avalonia.Layout.LayoutManager] Layout pass finished in "00:00:00.0000192"
[2025-07-28 00:09:25.053] [INF] [] [Layout] [Avalonia.Layout.LayoutManager] Started layout pass. To measure: 1 To arrange: 0
[2025-07-28 00:09:25.054] [INF] [] [Layout] [Avalonia.Layout.LayoutManager] Layout pass finished in "00:00:00.0000254"
[2025-07-28 00:09:25.056] [INF] [] [Layout] [Avalonia.Layout.LayoutManager] Started layout pass. To measure: 6 To arrange: 0
[2025-07-28 00:09:25.057] [INF] [] [Layout] [Avalonia.Layout.LayoutManager] Layout pass finished in "00:00:00.0000372"
[2025-07-28 00:09:25.169] [INF] [] [Layout] [Avalonia.Layout.LayoutManager] Started layout pass. To measure: 4 To arrange: 1
[2025-07-28 00:09:25.171] [INF] [] [Layout] [Avalonia.Layout.LayoutManager] Layout pass finished in "00:00:00.0001787"
[2025-07-28 00:09:27.068] [INF] [] [Layout] [Avalonia.Layout.LayoutManager] Started layout pass. To measure: 13 To arrange: 0
[2025-07-28 00:09:27.072] [INF] [] [Layout] [Avalonia.Layout.LayoutManager] Layout pass finished in "00:00:00.0019883"
[2025-07-28 00:09:27.075] [INF] [] [Layout] [Avalonia.Layout.LayoutManager] Started layout pass. To measure: 2 To arrange: 0
[2025-07-28 00:09:27.080] [INF] [] [Layout] [Avalonia.Layout.LayoutManager] Layout pass finished in "00:00:00.0000695"
[2025-07-28 00:09:28.238] [INF] [] [Layout] [Avalonia.Layout.LayoutManager] Started layout pass. To measure: 1 To arrange: 0
[2025-07-28 00:09:28.243] [INF] [] [Layout] [Avalonia.Layout.LayoutManager] Layout pass finished in "00:00:00.0000269"
[2025-07-28 00:09:28.250] [INF] [] [Layout] [Avalonia.Layout.LayoutManager] Started layout pass. To measure: 2 To arrange: 0
[2025-07-28 00:09:28.252] [INF] [] [Layout] [Avalonia.Layout.LayoutManager] Layout pass finished in "00:00:00.0001126"
[2025-07-28 00:09:29.134] [INF] [] [Layout] [Avalonia.Layout.LayoutManager] Started layout pass. To measure: 0 To arrange: 0
[2025-07-28 00:09:29.135] [INF] [] [Layout] [Avalonia.Layout.LayoutManager] Layout pass finished in "00:00:00.0000027"
[2025-07-28 00:09:29.160] [INF] [] [Layout] [Avalonia.Layout.LayoutManager] Started layout pass. To measure: 13 To arrange: 0
[2025-07-28 00:09:29.162] [INF] [] [Layout] [Avalonia.Layout.LayoutManager] Layout pass finished in "00:00:00.0009661"
[2025-07-28 00:09:29.182] [INF] [] [Layout] [Avalonia.Layout.LayoutManager] Started layout pass. To measure: 1 To arrange: 0
[2025-07-28 00:09:29.184] [INF] [] [Layout] [Avalonia.Layout.LayoutManager] Layout pass finished in "00:00:00.0007386"
[2025-07-28 00:09:29.192] [INF] [] [Layout] [Avalonia.Layout.LayoutManager] Started layout pass. To measure: 5 To arrange: 1
[2025-07-28 00:09:29.193] [INF] [] [Layout] [Avalonia.Layout.LayoutManager] Layout pass finished in "00:00:00.0002341"
[2025-07-28 00:09:29.195] [INF] [] [Layout] [Avalonia.Layout.LayoutManager] Started layout pass. To measure: 4 To arrange: 0
[2025-07-28 00:09:29.196] [INF] [] [Layout] [Avalonia.Layout.LayoutManager] Layout pass finished in "00:00:00.0001457"
[2025-07-28 00:09:29.910] [INF] [] [Layout] [Avalonia.Layout.LayoutManager] Started layout pass. To measure: 1 To arrange: 0
[2025-07-28 00:09:29.912] [INF] [] [Layout] [Avalonia.Layout.LayoutManager] Layout pass finished in "00:00:00.0000275"
[2025-07-28 00:09:29.948] [INF] [] [Layout] [Avalonia.Layout.LayoutManager] Started layout pass. To measure: 1 To arrange: 0
[2025-07-28 00:09:29.949] [INF] [] [Layout] [Avalonia.Layout.LayoutManager] Layout pass finished in "00:00:00.0000170"
[2025-07-28 00:09:30.555] [INF] [] [Layout] [Avalonia.Layout.LayoutManager] Started layout pass. To measure: 1 To arrange: 0
[2025-07-28 00:09:30.563] [INF] [] [Layout] [Avalonia.Layout.LayoutManager] Layout pass finished in "00:00:00.0000448"
[2025-07-28 00:09:30.966] [INF] [] [Layout] [Avalonia.Layout.LayoutManager] Started layout pass. To measure: 1 To arrange: 0
[2025-07-28 00:09:30.968] [INF] [] [Layout] [Avalonia.Layout.LayoutManager] Layout pass finished in "00:00:00.0000137"
[2025-07-28 00:09:31.553] [INF] [] [Layout] [Avalonia.Layout.LayoutManager] Started layout pass. To measure: 2 To arrange: 0
[2025-07-28 00:09:31.584] [INF] [] [Layout] [Avalonia.Layout.LayoutManager] Layout pass finished in "00:00:00.0302177"
[2025-07-28 00:09:32.707] [INF] [] [Layout] [Avalonia.Layout.LayoutManager] Started layout pass. To measure: 1 To arrange: 0
[2025-07-28 00:09:32.708] [INF] [] [Layout] [Avalonia.Layout.LayoutManager] Layout pass finished in "00:00:00.0000290"
[2025-07-28 00:09:32.820] [INF] [] [Layout] [Avalonia.Layout.LayoutManager] Started layout pass. To measure: 4 To arrange: 1
[2025-07-28 00:09:32.822] [INF] [] [Layout] [Avalonia.Layout.LayoutManager] Layout pass finished in "00:00:00.0001437"
[2025-07-28 00:09:33.403] [INF] [] [Layout] [Avalonia.Layout.LayoutManager] Started layout pass. To measure: 2 To arrange: 0
[2025-07-28 00:09:33.404] [INF] [] [Layout] [Avalonia.Layout.LayoutManager] Layout pass finished in "00:00:00.0000597"
[2025-07-28 00:09:33.625] [INF] [] [Layout] [Avalonia.Layout.LayoutManager] Started layout pass. To measure: 1 To arrange: 0
[2025-07-28 00:09:33.628] [INF] [] [Layout] [Avalonia.Layout.LayoutManager] Layout pass finished in "00:00:00.0002116"
[2025-07-28 00:09:33.739] [INF] [] [Layout] [Avalonia.Layout.LayoutManager] Started layout pass. To measure: 1 To arrange: 0
[2025-07-28 00:09:33.742] [INF] [] [Layout] [Avalonia.Layout.LayoutManager] Layout pass finished in "00:00:00.0000543"
[2025-07-28 00:09:33.748] [INF] [] [Layout] [Avalonia.Layout.LayoutManager] Started layout pass. To measure: 2 To arrange: 0
[2025-07-28 00:09:33.751] [INF] [] [Layout] [Avalonia.Layout.LayoutManager] Layout pass finished in "00:00:00.0000719"
[2025-07-28 00:09:33.753] [INF] [] [Layout] [Avalonia.Layout.LayoutManager] Started layout pass. To measure: 1 To arrange: 0
[2025-07-28 00:09:33.754] [INF] [] [Layout] [Avalonia.Layout.LayoutManager] Layout pass finished in "00:00:00.0000531"
[2025-07-28 00:09:34.518] [INF] [] [Layout] [Avalonia.Layout.LayoutManager] Started layout pass. To measure: 1 To arrange: 0
[2025-07-28 00:09:34.520] [INF] [] [Layout] [Avalonia.Layout.LayoutManager] Layout pass finished in "00:00:00.0000223"
[2025-07-28 00:09:34.547] [INF] [] [Layout] [Avalonia.Layout.LayoutManager] Started layout pass. To measure: 5 To arrange: 1
[2025-07-28 00:09:34.548] [INF] [] [Layout] [Avalonia.Layout.LayoutManager] Layout pass finished in "00:00:00.0002740"
[2025-07-28 00:09:36.145] [INF] [] [Layout] [Avalonia.Layout.LayoutManager] Started layout pass. To measure: 4 To arrange: 1
[2025-07-28 00:09:36.146] [INF] [] [Layout] [Avalonia.Layout.LayoutManager] Layout pass finished in "00:00:00.0001534"
[2025-07-28 00:09:36.402] [INF] [] [Layout] [Avalonia.Layout.LayoutManager] Started layout pass. To measure: 2 To arrange: 0
[2025-07-28 00:09:36.403] [INF] [] [Layout] [Avalonia.Layout.LayoutManager] Layout pass finished in "00:00:00.0001174"
[2025-07-28 00:09:36.500] [INF] [] [Layout] [Avalonia.Layout.LayoutManager] Started layout pass. To measure: 1 To arrange: 0
[2025-07-28 00:09:36.502] [INF] [] [Layout] [Avalonia.Layout.LayoutManager] Layout pass finished in "00:00:00.0000616"
[2025-07-28 00:09:36.615] [INF] [] [Layout] [Avalonia.Layout.LayoutManager] Started layout pass. To measure: 2 To arrange: 0
[2025-07-28 00:09:36.617] [INF] [] [Layout] [Avalonia.Layout.LayoutManager] Layout pass finished in "00:00:00.0000730"
[2025-07-28 00:09:36.837] [INF] [] [Layout] [Avalonia.Layout.LayoutManager] Started layout pass. To measure: 2 To arrange: 0
[2025-07-28 00:09:36.838] [INF] [] [Layout] [Avalonia.Layout.LayoutManager] Layout pass finished in "00:00:00.0001408"
[2025-07-28 00:09:37.414] [INF] [] [Layout] [Avalonia.Layout.LayoutManager] Started layout pass. To measure: 1 To arrange: 0
[2025-07-28 00:09:37.416] [INF] [] [Layout] [Avalonia.Layout.LayoutManager] Layout pass finished in "00:00:00.0004571"
[2025-07-28 00:09:37.967] [INF] [] [Layout] [Avalonia.Layout.LayoutManager] Started layout pass. To measure: 1 To arrange: 0
[2025-07-28 00:09:37.969] [INF] [] [Layout] [Avalonia.Layout.LayoutManager] Layout pass finished in "00:00:00.0001518"
[2025-07-28 00:09:38.354] [INF] [] [Layout] [Avalonia.Layout.LayoutManager] Started layout pass. To measure: 1 To arrange: 0
[2025-07-28 00:09:38.357] [INF] [] [Layout] [Avalonia.Layout.LayoutManager] Layout pass finished in "00:00:00.0002171"
[2025-07-28 00:09:38.886] [INF] [] [Layout] [Avalonia.Layout.LayoutManager] Started layout pass. To measure: 1 To arrange: 2
[2025-07-28 00:09:38.888] [INF] [] [Layout] [Avalonia.Layout.LayoutManager] Layout pass finished in "00:00:00.0002448"
[2025-07-28 00:09:38.904] [INF] [] [Layout] [Avalonia.Layout.LayoutManager] Started layout pass. To measure: 0 To arrange: 1
[2025-07-28 00:09:38.909] [INF] [] [Layout] [Avalonia.Layout.LayoutManager] Layout pass finished in "00:00:00.0006543"
[2025-07-28 00:09:38.912] [INF] [] [Layout] [Avalonia.Layout.LayoutManager] Started layout pass. To measure: 0 To arrange: 1
[2025-07-28 00:09:38.913] [INF] [] [Layout] [Avalonia.Layout.LayoutManager] Layout pass finished in "00:00:00.0000446"
[2025-07-28 00:09:38.915] [INF] [] [Layout] [Avalonia.Layout.LayoutManager] Started layout pass. To measure: 0 To arrange: 1
[2025-07-28 00:09:38.916] [INF] [] [Layout] [Avalonia.Layout.LayoutManager] Layout pass finished in "00:00:00.0000723"
[2025-07-28 00:09:38.917] [INF] [] [Layout] [Avalonia.Layout.LayoutManager] Started layout pass. To measure: 0 To arrange: 1
[2025-07-28 00:09:38.918] [INF] [] [Layout] [Avalonia.Layout.LayoutManager] Layout pass finished in "00:00:00.0000427"
[2025-07-28 00:09:38.919] [INF] [] [Layout] [Avalonia.Layout.LayoutManager] Started layout pass. To measure: 0 To arrange: 1
[2025-07-28 00:09:38.920] [INF] [] [Layout] [Avalonia.Layout.LayoutManager] Layout pass finished in "00:00:00.0000398"
[2025-07-28 00:09:38.921] [INF] [] [Layout] [Avalonia.Layout.LayoutManager] Started layout pass. To measure: 0 To arrange: 1
[2025-07-28 00:09:38.922] [INF] [] [Layout] [Avalonia.Layout.LayoutManager] Layout pass finished in "00:00:00.0000543"
[2025-07-28 00:09:38.924] [INF] [] [Layout] [Avalonia.Layout.LayoutManager] Started layout pass. To measure: 0 To arrange: 1
[2025-07-28 00:09:38.925] [INF] [] [Layout] [Avalonia.Layout.LayoutManager] Layout pass finished in "00:00:00.0000455"
[2025-07-28 00:09:38.930] [INF] [] [Layout] [Avalonia.Layout.LayoutManager] Started layout pass. To measure: 0 To arrange: 1
[2025-07-28 00:09:38.931] [INF] [] [Layout] [Avalonia.Layout.LayoutManager] Layout pass finished in "00:00:00.0000689"
[2025-07-28 00:09:38.953] [INF] [] [Layout] [Avalonia.Layout.LayoutManager] Started layout pass. To measure: 0 To arrange: 1
[2025-07-28 00:09:38.994] [INF] [] [Layout] [Avalonia.Layout.LayoutManager] Layout pass finished in "00:00:00.0000629"
[2025-07-28 00:09:38.996] [INF] [] [Layout] [Avalonia.Layout.LayoutManager] Started layout pass. To measure: 0 To arrange: 1
[2025-07-28 00:09:38.997] [INF] [] [Layout] [Avalonia.Layout.LayoutManager] Layout pass finished in "00:00:00.0000415"
[2025-07-28 00:09:38.998] [INF] [] [Layout] [Avalonia.Layout.LayoutManager] Started layout pass. To measure: 0 To arrange: 1
[2025-07-28 00:09:38.999] [INF] [] [Layout] [Avalonia.Layout.LayoutManager] Layout pass finished in "00:00:00.0000337"
[2025-07-28 00:09:39.000] [INF] [] [Layout] [Avalonia.Layout.LayoutManager] Started layout pass. To measure: 0 To arrange: 1
[2025-07-28 00:09:39.001] [INF] [] [Layout] [Avalonia.Layout.LayoutManager] Layout pass finished in "00:00:00.0000319"
[2025-07-28 00:09:39.002] [INF] [] [Layout] [Avalonia.Layout.LayoutManager] Started layout pass. To measure: 0 To arrange: 1
[2025-07-28 00:09:39.003] [INF] [] [Layout] [Avalonia.Layout.LayoutManager] Layout pass finished in "00:00:00.0000286"
[2025-07-28 00:09:39.004] [INF] [] [Layout] [Avalonia.Layout.LayoutManager] Started layout pass. To measure: 0 To arrange: 1
[2025-07-28 00:09:39.005] [INF] [] [Layout] [Avalonia.Layout.LayoutManager] Layout pass finished in "00:00:00.0000196"
[2025-07-28 00:09:39.744] [INF] [] [Layout] [Avalonia.Layout.LayoutManager] Started layout pass. To measure: 1 To arrange: 0
[2025-07-28 00:09:39.745] [INF] [] [Layout] [Avalonia.Layout.LayoutManager] Layout pass finished in "00:00:00.0000465"
[2025-07-28 00:09:40.202] [INF] [] [Layout] [Avalonia.Layout.LayoutManager] Started layout pass. To measure: 1 To arrange: 0
[2025-07-28 00:09:40.229] [INF] [] [Layout] [Avalonia.Layout.LayoutManager] Layout pass finished in "00:00:00.0000492"
[2025-07-28 00:09:40.237] [INF] [] [Layout] [Avalonia.Layout.LayoutManager] Started layout pass. To measure: 2 To arrange: 0
[2025-07-28 00:09:40.239] [INF] [] [Layout] [Avalonia.Layout.LayoutManager] Layout pass finished in "00:00:00.0000535"
[2025-07-28 00:09:40.852] [INF] [] [Layout] [Avalonia.Layout.LayoutManager] Started layout pass. To measure: 0 To arrange: 0
[2025-07-28 00:09:40.853] [INF] [] [Layout] [Avalonia.Layout.LayoutManager] Layout pass finished in "00:00:00.0000020"
[2025-07-28 00:09:40.858] [INF] [] [Layout] [Avalonia.Layout.LayoutManager] Started layout pass. To measure: 2 To arrange: 0
[2025-07-28 00:09:40.859] [INF] [] [Layout] [Avalonia.Layout.LayoutManager] Layout pass finished in "00:00:00.0000046"
[2025-07-28 00:09:40.871] [INF] [] [Layout] [Avalonia.Layout.LayoutManager] Started layout pass. To measure: 1 To arrange: 0
[2025-07-28 00:09:40.874] [INF] [] [Layout] [Avalonia.Layout.LayoutManager] Layout pass finished in "00:00:00.0012973"
[2025-07-28 00:09:40.884] [INF] [] [Layout] [Avalonia.Layout.LayoutManager] Started layout pass. To measure: 5 To arrange: 1
[2025-07-28 00:09:40.885] [INF] [] [Layout] [Avalonia.Layout.LayoutManager] Layout pass finished in "00:00:00.0001400"
[2025-07-28 00:09:40.887] [INF] [] [Layout] [Avalonia.Layout.LayoutManager] Started layout pass. To measure: 4 To arrange: 0
[2025-07-28 00:09:40.888] [INF] [] [Layout] [Avalonia.Layout.LayoutManager] Layout pass finished in "00:00:00.0001503"
[2025-07-28 00:09:42.227] [INF] [] [Layout] [Avalonia.Layout.LayoutManager] Started layout pass. To measure: 1 To arrange: 0
[2025-07-28 00:09:42.229] [INF] [] [Layout] [Avalonia.Layout.LayoutManager] Layout pass finished in "00:00:00.0000292"
[2025-07-28 00:09:42.239] [INF] [] [Layout] [Avalonia.Layout.LayoutManager] Started layout pass. To measure: 4 To arrange: 0
[2025-07-28 00:09:42.240] [INF] [] [Layout] [Avalonia.Layout.LayoutManager] Layout pass finished in "00:00:00.0001126"
[2025-07-28 00:09:43.100] [INF] [] [Layout] [Avalonia.Layout.LayoutManager] Started layout pass. To measure: 4 To arrange: 0
[2025-07-28 00:09:43.104] [INF] [] [Layout] [Avalonia.Layout.LayoutManager] Layout pass finished in "00:00:00.0001640"
[2025-07-28 00:09:43.890] [INF] [] [Layout] [Avalonia.Layout.LayoutManager] Started layout pass. To measure: 4 To arrange: 1
[2025-07-28 00:09:43.892] [INF] [] [Layout] [Avalonia.Layout.LayoutManager] Layout pass finished in "00:00:00.0001914"
[2025-07-28 00:09:43.902] [INF] [] [Layout] [Avalonia.Layout.LayoutManager] Started layout pass. To measure: 2 To arrange: 0
[2025-07-28 00:09:43.903] [INF] [] [Layout] [Avalonia.Layout.LayoutManager] Layout pass finished in "00:00:00.0001042"
[2025-07-28 00:09:44.355] [INF] [] [Layout] [Avalonia.Layout.LayoutManager] Started layout pass. To measure: 1 To arrange: 0
[2025-07-28 00:09:44.357] [INF] [] [Layout] [Avalonia.Layout.LayoutManager] Layout pass finished in "00:00:00.0001606"
[2025-07-28 00:09:44.964] [INF] [] [Layout] [Avalonia.Layout.LayoutManager] Started layout pass. To measure: 1 To arrange: 0
[2025-07-28 00:09:44.965] [INF] [] [Layout] [Avalonia.Layout.LayoutManager] Layout pass finished in "00:00:00.0000633"
[2025-07-28 00:09:45.557] [INF] [] [Layout] [Avalonia.Layout.LayoutManager] Started layout pass. To measure: 2 To arrange: 0
[2025-07-28 00:09:45.558] [INF] [] [Layout] [Avalonia.Layout.LayoutManager] Layout pass finished in "00:00:00.0000637"
[2025-07-28 00:09:45.605] [INF] [] [Layout] [Avalonia.Layout.LayoutManager] Started layout pass. To measure: 1 To arrange: 0
[2025-07-28 00:09:45.606] [INF] [] [Layout] [Avalonia.Layout.LayoutManager] Layout pass finished in "00:00:00.0000654"
[2025-07-28 00:09:45.608] [INF] [] [Layout] [Avalonia.Layout.LayoutManager] Started layout pass. To measure: 1 To arrange: 0
[2025-07-28 00:09:45.610] [INF] [] [Layout] [Avalonia.Layout.LayoutManager] Layout pass finished in "00:00:00.0000635"
[2025-07-28 00:09:45.613] [INF] [] [Layout] [Avalonia.Layout.LayoutManager] Started layout pass. To measure: 1 To arrange: 0
[2025-07-28 00:09:45.614] [INF] [] [Layout] [Avalonia.Layout.LayoutManager] Layout pass finished in "00:00:00.0000260"
[2025-07-28 00:09:46.299] [INF] [] [Layout] [Avalonia.Layout.LayoutManager] Started layout pass. To measure: 1 To arrange: 0
[2025-07-28 00:09:46.300] [INF] [] [Layout] [Avalonia.Layout.LayoutManager] Layout pass finished in "00:00:00.0000128"
[2025-07-28 00:09:46.303] [INF] [] [Layout] [Avalonia.Layout.LayoutManager] Started layout pass. To measure: 2 To arrange: 0
[2025-07-28 00:09:46.304] [INF] [] [Layout] [Avalonia.Layout.LayoutManager] Layout pass finished in "00:00:00.0000418"
[2025-07-28 00:09:46.759] [INF] [] [Layout] [Avalonia.Layout.LayoutManager] Started layout pass. To measure: 1 To arrange: 0
[2025-07-28 00:09:46.761] [INF] [] [Layout] [Avalonia.Layout.LayoutManager] Layout pass finished in "00:00:00.0000501"
[2025-07-28 00:09:47.303] [INF] [] [Layout] [Avalonia.Layout.LayoutManager] Started layout pass. To measure: 1 To arrange: 0
[2025-07-28 00:09:47.305] [INF] [] [Layout] [Avalonia.Layout.LayoutManager] Layout pass finished in "00:00:00.0000262"
[2025-07-28 00:09:47.331] [INF] [] [Layout] [Avalonia.Layout.LayoutManager] Started layout pass. To measure: 2 To arrange: 0
[2025-07-28 00:09:47.332] [INF] [] [Layout] [Avalonia.Layout.LayoutManager] Layout pass finished in "00:00:00.0000795"
[2025-07-28 00:09:47.842] [INF] [] [Layout] [Avalonia.Layout.LayoutManager] Started layout pass. To measure: 1 To arrange: 0
[2025-07-28 00:09:47.846] [INF] [] [Layout] [Avalonia.Layout.LayoutManager] Layout pass finished in "00:00:00.0000539"
[2025-07-28 00:09:48.455] [INF] [] [Layout] [Avalonia.Layout.LayoutManager] Started layout pass. To measure: 7 To arrange: 0
[2025-07-28 00:09:48.459] [INF] [] [Layout] [Avalonia.Layout.LayoutManager] Layout pass finished in "00:00:00.0027471"
[2025-07-28 00:09:48.462] [INF] [] [Layout] [Avalonia.Layout.LayoutManager] Started layout pass. To measure: 2 To arrange: 0
[2025-07-28 00:09:48.464] [INF] [] [Layout] [Avalonia.Layout.LayoutManager] Layout pass finished in "00:00:00.0000528"
[2025-07-28 00:09:49.435] [INF] [] [Layout] [Avalonia.Layout.LayoutManager] Started layout pass. To measure: 1 To arrange: 0
[2025-07-28 00:09:49.440] [INF] [] [Layout] [Avalonia.Layout.LayoutManager] Layout pass finished in "00:00:00.0000950"
[2025-07-28 00:09:49.799] [INF] [] [Layout] [Avalonia.Layout.LayoutManager] Started layout pass. To measure: 1 To arrange: 0
[2025-07-28 00:09:49.800] [INF] [] [Layout] [Avalonia.Layout.LayoutManager] Layout pass finished in "00:00:00.0000127"
[2025-07-28 00:09:49.829] [INF] [] [Layout] [Avalonia.Layout.LayoutManager] Started layout pass. To measure: 2 To arrange: 0
[2025-07-28 00:09:49.831] [INF] [] [Layout] [Avalonia.Layout.LayoutManager] Layout pass finished in "00:00:00.0000775"
[2025-07-28 00:09:50.083] [INF] [] [Layout] [Avalonia.Layout.LayoutManager] Started layout pass. To measure: 1 To arrange: 0
[2025-07-28 00:09:50.086] [INF] [] [Layout] [Avalonia.Layout.LayoutManager] Layout pass finished in "00:00:00.0000374"
[2025-07-28 00:09:50.091] [INF] [] [Layout] [Avalonia.Layout.LayoutManager] Started layout pass. To measure: 2 To arrange: 0
[2025-07-28 00:09:50.094] [INF] [] [Layout] [Avalonia.Layout.LayoutManager] Layout pass finished in "00:00:00.0000455"
[2025-07-28 00:09:50.810] [INF] [] [Layout] [Avalonia.Layout.LayoutManager] Started layout pass. To measure: 1 To arrange: 0
[2025-07-28 00:09:50.812] [INF] [] [Layout] [Avalonia.Layout.LayoutManager] Layout pass finished in "00:00:00.0000184"
[2025-07-28 00:09:50.815] [INF] [] [Layout] [Avalonia.Layout.LayoutManager] Started layout pass. To measure: 2 To arrange: 0
[2025-07-28 00:09:50.817] [INF] [] [Layout] [Avalonia.Layout.LayoutManager] Layout pass finished in "00:00:00.0000539"
[2025-07-28 00:09:51.593] [INF] [] [Layout] [Avalonia.Layout.LayoutManager] Started layout pass. To measure: 1 To arrange: 0
[2025-07-28 00:09:51.595] [INF] [] [Layout] [Avalonia.Layout.LayoutManager] Layout pass finished in "00:00:00.0000457"
[2025-07-28 00:09:52.067] [INF] [] [Layout] [Avalonia.Layout.LayoutManager] Started layout pass. To measure: 1 To arrange: 0
[2025-07-28 00:09:52.071] [INF] [] [Layout] [Avalonia.Layout.LayoutManager] Layout pass finished in "00:00:00.0020544"
[2025-07-28 00:09:52.154] [INF] [] [Layout] [Avalonia.Layout.LayoutManager] Started layout pass. To measure: 2 To arrange: 0
[2025-07-28 00:09:52.158] [INF] [] [Layout] [Avalonia.Layout.LayoutManager] Layout pass finished in "00:00:00.0021216"
[2025-07-28 00:09:53.999] [INF] [] [Layout] [Avalonia.Layout.LayoutManager] Started layout pass. To measure: 3 To arrange: 0
[2025-07-28 00:09:54.001] [INF] [] [Layout] [Avalonia.Layout.LayoutManager] Layout pass finished in "00:00:00.0002311"
[2025-07-28 00:09:54.034] [INF] [] [Layout] [Avalonia.Layout.LayoutManager] Started layout pass. To measure: 2 To arrange: 0
[2025-07-28 00:09:54.053] [INF] [] [Layout] [Avalonia.Layout.LayoutManager] Layout pass finished in "00:00:00.0025767"
[2025-07-28 00:09:54.069] [INF] [] [Layout] [Avalonia.Layout.LayoutManager] Started layout pass. To measure: 1 To arrange: 0
[2025-07-28 00:09:54.102] [INF] [] [Layout] [Avalonia.Layout.LayoutManager] Layout pass finished in "00:00:00.0027352"
[2025-07-28 00:09:54.125] [INF] [] [Layout] [Avalonia.Layout.LayoutManager] Started layout pass. To measure: 1 To arrange: 0
[2025-07-28 00:09:54.145] [INF] [] [Layout] [Avalonia.Layout.LayoutManager] Layout pass finished in "00:00:00.0025437"
[2025-07-28 00:09:54.160] [INF] [] [Layout] [Avalonia.Layout.LayoutManager] Started layout pass. To measure: 1 To arrange: 0
[2025-07-28 00:09:54.169] [INF] [] [Layout] [Avalonia.Layout.LayoutManager] Layout pass finished in "00:00:00.0019646"
[2025-07-28 00:09:54.188] [INF] [] [Layout] [Avalonia.Layout.LayoutManager] Started layout pass. To measure: 1 To arrange: 0
[2025-07-28 00:09:54.226] [INF] [] [Layout] [Avalonia.Layout.LayoutManager] Layout pass finished in "00:00:00.0000631"
[2025-07-28 00:09:54.278] [INF] [] [Layout] [Avalonia.Layout.LayoutManager] Started layout pass. To measure: 1 To arrange: 0
[2025-07-28 00:09:54.295] [INF] [] [Layout] [Avalonia.Layout.LayoutManager] Layout pass finished in "00:00:00.0000477"
[2025-07-28 00:09:54.664] [INF] [] [Layout] [Avalonia.Layout.LayoutManager] Started layout pass. To measure: 2 To arrange: 0
[2025-07-28 00:09:54.666] [INF] [] [Layout] [Avalonia.Layout.LayoutManager] Layout pass finished in "00:00:00.0002991"
[2025-07-28 00:09:54.673] [INF] [] [Layout] [Avalonia.Layout.LayoutManager] Started layout pass. To measure: 1 To arrange: 0
[2025-07-28 00:09:54.709] [INF] [] [Layout] [Avalonia.Layout.LayoutManager] Layout pass finished in "00:00:00.0027640"
[2025-07-28 00:09:54.722] [INF] [] [Layout] [Avalonia.Layout.LayoutManager] Started layout pass. To measure: 1 To arrange: 0
[2025-07-28 00:09:54.758] [INF] [] [Layout] [Avalonia.Layout.LayoutManager] Layout pass finished in "00:00:00.0023531"
[2025-07-28 00:09:54.778] [INF] [] [Layout] [Avalonia.Layout.LayoutManager] Started layout pass. To measure: 1 To arrange: 0
[2025-07-28 00:09:54.781] [INF] [] [Layout] [Avalonia.Layout.LayoutManager] Layout pass finished in "00:00:00.0010980"
[2025-07-28 00:11:09.480] [INF] [] [Layout] [Avalonia.Layout.LayoutManager] Started layout pass. To measure: 2 To arrange: 0
[2025-07-28 00:11:09.481] [INF] [] [Layout] [Avalonia.Layout.LayoutManager] Layout pass finished in "00:00:00.0000682"
[2025-07-28 00:11:09.510] [INF] [] [Layout] [Avalonia.Layout.LayoutManager] Started layout pass. To measure: 1 To arrange: 0
[2025-07-28 00:11:09.512] [INF] [] [Layout] [Avalonia.Layout.LayoutManager] Layout pass finished in "00:00:00.0000885"
[2025-07-28 00:11:09.794] [INF] [] [Layout] [Avalonia.Layout.LayoutManager] Started layout pass. To measure: 2 To arrange: 0
[2025-07-28 00:11:09.795] [INF] [] [Layout] [Avalonia.Layout.LayoutManager] Layout pass finished in "00:00:00.0000922"
[2025-07-28 00:11:10.291] [INF] [] [Layout] [Avalonia.Layout.LayoutManager] Started layout pass. To measure: 2 To arrange: 0
[2025-07-28 00:11:10.292] [INF] [] [Layout] [Avalonia.Layout.LayoutManager] Layout pass finished in "00:00:00.0002104"
[2025-07-28 00:11:10.552] [INF] [] [Layout] [Avalonia.Layout.LayoutManager] Started layout pass. To measure: 1 To arrange: 0
[2025-07-28 00:11:10.555] [INF] [] [Layout] [Avalonia.Layout.LayoutManager] Layout pass finished in "00:00:00.0001265"
[2025-07-28 00:11:10.661] [INF] [] [Layout] [Avalonia.Layout.LayoutManager] Started layout pass. To measure: 1 To arrange: 0
[2025-07-28 00:11:10.663] [INF] [] [Layout] [Avalonia.Layout.LayoutManager] Layout pass finished in "00:00:00.0000145"
[2025-07-28 00:11:10.667] [INF] [] [Layout] [Avalonia.Layout.LayoutManager] Started layout pass. To measure: 2 To arrange: 0
[2025-07-28 00:11:10.668] [INF] [] [Layout] [Avalonia.Layout.LayoutManager] Layout pass finished in "00:00:00.0000449"
[2025-07-28 00:11:10.670] [INF] [] [Layout] [Avalonia.Layout.LayoutManager] Started layout pass. To measure: 1 To arrange: 0
[2025-07-28 00:11:10.671] [INF] [] [Layout] [Avalonia.Layout.LayoutManager] Layout pass finished in "00:00:00.0000643"
[2025-07-28 00:11:11.341] [INF] [] [Layout] [Avalonia.Layout.LayoutManager] Started layout pass. To measure: 1 To arrange: 0
[2025-07-28 00:11:11.343] [INF] [] [Layout] [Avalonia.Layout.LayoutManager] Layout pass finished in "00:00:00.0000142"
[2025-07-28 00:11:11.361] [INF] [] [Layout] [Avalonia.Layout.LayoutManager] Started layout pass. To measure: 5 To arrange: 2
[2025-07-28 00:11:11.362] [INF] [] [Layout] [Avalonia.Layout.LayoutManager] Layout pass finished in "00:00:00.0002351"
[2025-07-28 00:11:12.716] [INF] [] [Layout] [Avalonia.Layout.LayoutManager] Started layout pass. To measure: 4 To arrange: 1
[2025-07-28 00:11:12.717] [INF] [] [Layout] [Avalonia.Layout.LayoutManager] Layout pass finished in "00:00:00.0001561"
[2025-07-28 00:11:14.206] [INF] [] [Layout] [Avalonia.Layout.LayoutManager] Started layout pass. To measure: 1 To arrange: 0
[2025-07-28 00:11:14.208] [INF] [] [Layout] [Avalonia.Layout.LayoutManager] Layout pass finished in "00:00:00.0000206"
[2025-07-28 00:11:14.212] [INF] [] [Layout] [Avalonia.Layout.LayoutManager] Started layout pass. To measure: 2 To arrange: 0
[2025-07-28 00:11:14.214] [INF] [] [Layout] [Avalonia.Layout.LayoutManager] Layout pass finished in "00:00:00.0000428"
[2025-07-28 00:11:15.209] [INF] [] [Layout] [Avalonia.Layout.LayoutManager] Started layout pass. To measure: 0 To arrange: 0
[2025-07-28 00:11:15.210] [INF] [] [Layout] [Avalonia.Layout.LayoutManager] Layout pass finished in "00:00:00.0000014"
[2025-07-28 00:11:15.215] [INF] [] [Layout] [Avalonia.Layout.LayoutManager] Started layout pass. To measure: 2 To arrange: 0
[2025-07-28 00:11:15.216] [INF] [] [Layout] [Avalonia.Layout.LayoutManager] Layout pass finished in "00:00:00.0000046"
[2025-07-28 00:11:15.241] [INF] [] [Layout] [Avalonia.Layout.LayoutManager] Started layout pass. To measure: 1 To arrange: 0
[2025-07-28 00:11:15.243] [INF] [] [Layout] [Avalonia.Layout.LayoutManager] Layout pass finished in "00:00:00.0007603"
[2025-07-28 00:11:15.250] [INF] [] [Layout] [Avalonia.Layout.LayoutManager] Started layout pass. To measure: 5 To arrange: 1
[2025-07-28 00:11:15.251] [INF] [] [Layout] [Avalonia.Layout.LayoutManager] Layout pass finished in "00:00:00.0001805"
[2025-07-28 00:11:15.252] [INF] [] [Layout] [Avalonia.Layout.LayoutManager] Started layout pass. To measure: 4 To arrange: 0
[2025-07-28 00:11:15.254] [INF] [] [Layout] [Avalonia.Layout.LayoutManager] Layout pass finished in "00:00:00.0001714"
[2025-07-28 00:11:15.814] [INF] [] [Layout] [Avalonia.Layout.LayoutManager] Started layout pass. To measure: 1 To arrange: 0
[2025-07-28 00:11:15.816] [INF] [] [Layout] [Avalonia.Layout.LayoutManager] Layout pass finished in "00:00:00.0000218"
[2025-07-28 00:11:15.819] [INF] [] [Layout] [Avalonia.Layout.LayoutManager] Started layout pass. To measure: 1 To arrange: 0
[2025-07-28 00:11:15.820] [INF] [] [Layout] [Avalonia.Layout.LayoutManager] Layout pass finished in "00:00:00.0000129"
[2025-07-28 00:11:16.413] [INF] [] [Layout] [Avalonia.Layout.LayoutManager] Started layout pass. To measure: 4 To arrange: 1
[2025-07-28 00:11:16.415] [INF] [] [Layout] [Avalonia.Layout.LayoutManager] Layout pass finished in "00:00:00.0001497"
[2025-07-28 00:11:17.226] [INF] [] [Layout] [Avalonia.Layout.LayoutManager] Started layout pass. To measure: 1 To arrange: 0
[2025-07-28 00:11:17.228] [INF] [] [Layout] [Avalonia.Layout.LayoutManager] Layout pass finished in "00:00:00.0000184"
[2025-07-28 00:11:17.231] [INF] [] [Layout] [Avalonia.Layout.LayoutManager] Started layout pass. To measure: 2 To arrange: 0
[2025-07-28 00:11:17.233] [INF] [] [Layout] [Avalonia.Layout.LayoutManager] Layout pass finished in "00:00:00.0000770"
[2025-07-28 00:11:17.710] [INF] [] [Layout] [Avalonia.Layout.LayoutManager] Started layout pass. To measure: 0 To arrange: 0
[2025-07-28 00:11:17.712] [INF] [] [Layout] [Avalonia.Layout.LayoutManager] Layout pass finished in "00:00:00.0000029"
[2025-07-28 00:11:17.745] [INF] [] [Layout] [Avalonia.Layout.LayoutManager] Started layout pass. To measure: 0 To arrange: 0
[2025-07-28 00:11:17.748] [INF] [] [Layout] [Avalonia.Layout.LayoutManager] Layout pass finished in "00:00:00.0022113"
[2025-07-28 00:11:17.764] [INF] [] [Layout] [Avalonia.Layout.LayoutManager] Started layout pass. To measure: 5 To arrange: 1
[2025-07-28 00:11:17.765] [INF] [] [Layout] [Avalonia.Layout.LayoutManager] Layout pass finished in "00:00:00.0001848"
[2025-07-28 00:11:19.423] [INF] [] [Layout] [Avalonia.Layout.LayoutManager] Started layout pass. To measure: 4 To arrange: 1
[2025-07-28 00:11:19.424] [INF] [] [Layout] [Avalonia.Layout.LayoutManager] Layout pass finished in "00:00:00.0001364"
[2025-07-28 00:11:20.478] [INF] [] [Layout] [Avalonia.Layout.LayoutManager] Started layout pass. To measure: 0 To arrange: 1
[2025-07-28 00:11:20.480] [INF] [] [Layout] [Avalonia.Layout.LayoutManager] Layout pass finished in "00:00:00.0000675"
[2025-07-28 00:11:21.665] [INF] [] [Layout] [Avalonia.Layout.LayoutManager] Started layout pass. To measure: 3 To arrange: 0
[2025-07-28 00:11:21.667] [INF] [] [Layout] [Avalonia.Layout.LayoutManager] Layout pass finished in "00:00:00.0000899"
[2025-07-28 00:11:21.805] [INF] [] [Layout] [Avalonia.Layout.LayoutManager] Started layout pass. To measure: 3 To arrange: 0
[2025-07-28 00:11:21.806] [INF] [] [Layout] [Avalonia.Layout.LayoutManager] Layout pass finished in "00:00:00.0001509"
[2025-07-28 00:11:21.809] [INF] [] [Layout] [Avalonia.Layout.LayoutManager] Started layout pass. To measure: 2 To arrange: 0
[2025-07-28 00:11:21.835] [INF] [] [Layout] [Avalonia.Layout.LayoutManager] Layout pass finished in "00:00:00.0025079"
[2025-07-28 00:11:21.844] [INF] [] [Layout] [Avalonia.Layout.LayoutManager] Started layout pass. To measure: 2 To arrange: 0
[2025-07-28 00:11:21.847] [INF] [] [Layout] [Avalonia.Layout.LayoutManager] Layout pass finished in "00:00:00.0017088"
[2025-07-28 00:11:21.865] [INF] [] [Layout] [Avalonia.Layout.LayoutManager] Started layout pass. To measure: 1 To arrange: 0
[2025-07-28 00:11:21.867] [INF] [] [Layout] [Avalonia.Layout.LayoutManager] Layout pass finished in "00:00:00.0015720"
[2025-07-28 00:11:21.879] [INF] [] [Layout] [Avalonia.Layout.LayoutManager] Started layout pass. To measure: 1 To arrange: 0
[2025-07-28 00:11:21.883] [INF] [] [Layout] [Avalonia.Layout.LayoutManager] Layout pass finished in "00:00:00.0027400"
[2025-07-28 00:11:21.899] [INF] [] [Layout] [Avalonia.Layout.LayoutManager] Started layout pass. To measure: 1 To arrange: 0
[2025-07-28 00:11:21.924] [INF] [] [Layout] [Avalonia.Layout.LayoutManager] Layout pass finished in "00:00:00.0022865"
[2025-07-28 00:11:21.935] [INF] [] [Layout] [Avalonia.Layout.LayoutManager] Started layout pass. To measure: 1 To arrange: 0
[2025-07-28 00:11:21.938] [INF] [] [Layout] [Avalonia.Layout.LayoutManager] Layout pass finished in "00:00:00.0018294"
[2025-07-28 00:11:21.948] [INF] [] [Layout] [Avalonia.Layout.LayoutManager] Started layout pass. To measure: 1 To arrange: 0
[2025-07-28 00:11:21.978] [INF] [] [Layout] [Avalonia.Layout.LayoutManager] Layout pass finished in "00:00:00.0016569"
[2025-07-28 00:11:22.005] [INF] [] [Layout] [Avalonia.Layout.LayoutManager] Started layout pass. To measure: 1 To arrange: 0
[2025-07-28 00:11:22.034] [INF] [] [Layout] [Avalonia.Layout.LayoutManager] Layout pass finished in "00:00:00.0014645"
[2025-07-28 00:11:22.046] [INF] [] [Layout] [Avalonia.Layout.LayoutManager] Started layout pass. To measure: 1 To arrange: 0
[2025-07-28 00:11:22.047] [INF] [] [Layout] [Avalonia.Layout.LayoutManager] Layout pass finished in "00:00:00.0000583"
[2025-07-28 00:11:22.454] [INF] [] [Layout] [Avalonia.Layout.LayoutManager] Started layout pass. To measure: 2 To arrange: 0
[2025-07-28 00:11:22.456] [INF] [] [Layout] [Avalonia.Layout.LayoutManager] Layout pass finished in "00:00:00.0002937"
[2025-07-28 00:11:22.462] [INF] [] [Layout] [Avalonia.Layout.LayoutManager] Started layout pass. To measure: 1 To arrange: 0
[2025-07-28 00:11:22.496] [INF] [] [Layout] [Avalonia.Layout.LayoutManager] Layout pass finished in "00:00:00.0020368"
[2025-07-28 00:11:22.504] [INF] [] [Layout] [Avalonia.Layout.LayoutManager] Started layout pass. To measure: 1 To arrange: 0
[2025-07-28 00:11:22.529] [INF] [] [Layout] [Avalonia.Layout.LayoutManager] Layout pass finished in "00:00:00.0030368"
[2025-07-28 00:11:22.546] [INF] [] [Layout] [Avalonia.Layout.LayoutManager] Started layout pass. To measure: 1 To arrange: 0
[2025-07-28 00:11:22.576] [INF] [] [Layout] [Avalonia.Layout.LayoutManager] Layout pass finished in "00:00:00.0019930"
[2025-07-28 00:11:22.594] [INF] [] [Layout] [Avalonia.Layout.LayoutManager] Started layout pass. To measure: 1 To arrange: 0
[2025-07-28 00:11:22.626] [INF] [] [Layout] [Avalonia.Layout.LayoutManager] Layout pass finished in "00:00:00.0044481"
[2025-07-28 00:11:23.168] [INF] [] [Layout] [Avalonia.Layout.LayoutManager] Started layout pass. To measure: 3 To arrange: 0
[2025-07-28 00:11:23.170] [INF] [] [Layout] [Avalonia.Layout.LayoutManager] Layout pass finished in "00:00:00.0002053"
[2025-07-28 00:11:23.177] [INF] [] [Layout] [Avalonia.Layout.LayoutManager] Started layout pass. To measure: 2 To arrange: 0
[2025-07-28 00:11:23.180] [INF] [] [Layout] [Avalonia.Layout.LayoutManager] Layout pass finished in "00:00:00.0018377"
[2025-07-28 00:11:23.191] [INF] [] [Layout] [Avalonia.Layout.LayoutManager] Started layout pass. To measure: 2 To arrange: 0
[2025-07-28 00:11:23.195] [INF] [] [Layout] [Avalonia.Layout.LayoutManager] Layout pass finished in "00:00:00.0023502"
[2025-07-28 00:11:23.205] [INF] [] [Layout] [Avalonia.Layout.LayoutManager] Started layout pass. To measure: 1 To arrange: 0
[2025-07-28 00:11:23.231] [INF] [] [Layout] [Avalonia.Layout.LayoutManager] Layout pass finished in "00:00:00.0019785"
[2025-07-28 00:11:23.247] [INF] [] [Layout] [Avalonia.Layout.LayoutManager] Started layout pass. To measure: 1 To arrange: 0
[2025-07-28 00:11:23.281] [INF] [] [Layout] [Avalonia.Layout.LayoutManager] Layout pass finished in "00:00:00.0031133"
[2025-07-28 00:11:23.295] [INF] [] [Layout] [Avalonia.Layout.LayoutManager] Started layout pass. To measure: 1 To arrange: 0
[2025-07-28 00:11:23.320] [INF] [] [Layout] [Avalonia.Layout.LayoutManager] Layout pass finished in "00:00:00.0016677"
[2025-07-28 00:11:23.330] [INF] [] [Layout] [Avalonia.Layout.LayoutManager] Started layout pass. To measure: 1 To arrange: 0
[2025-07-28 00:11:23.366] [INF] [] [Layout] [Avalonia.Layout.LayoutManager] Layout pass finished in "00:00:00.0013677"
[2025-07-28 00:11:23.379] [INF] [] [Layout] [Avalonia.Layout.LayoutManager] Started layout pass. To measure: 1 To arrange: 0
[2025-07-28 00:11:23.380] [INF] [] [Layout] [Avalonia.Layout.LayoutManager] Layout pass finished in "00:00:00.0000770"
[2025-07-28 00:11:23.624] [INF] [] [Layout] [Avalonia.Layout.LayoutManager] Started layout pass. To measure: 2 To arrange: 0
[2025-07-28 00:11:23.626] [INF] [] [Layout] [Avalonia.Layout.LayoutManager] Layout pass finished in "00:00:00.0002221"
[2025-07-28 00:11:23.629] [INF] [] [Layout] [Avalonia.Layout.LayoutManager] Started layout pass. To measure: 1 To arrange: 0
[2025-07-28 00:11:23.666] [INF] [] [Layout] [Avalonia.Layout.LayoutManager] Layout pass finished in "00:00:00.0019500"
[2025-07-28 00:11:23.679] [INF] [] [Layout] [Avalonia.Layout.LayoutManager] Started layout pass. To measure: 1 To arrange: 0
[2025-07-28 00:11:23.682] [INF] [] [Layout] [Avalonia.Layout.LayoutManager] Layout pass finished in "00:00:00.0018114"
[2025-07-28 00:11:23.698] [INF] [] [Layout] [Avalonia.Layout.LayoutManager] Started layout pass. To measure: 1 To arrange: 0
[2025-07-28 00:11:23.732] [INF] [] [Layout] [Avalonia.Layout.LayoutManager] Layout pass finished in "00:00:00.0026572"
[2025-07-28 00:11:23.748] [INF] [] [Layout] [Avalonia.Layout.LayoutManager] Started layout pass. To measure: 1 To arrange: 0
[2025-07-28 00:11:23.775] [INF] [] [Layout] [Avalonia.Layout.LayoutManager] Layout pass finished in "00:00:00.0013810"
[2025-07-28 00:11:24.291] [INF] [] [Layout] [Avalonia.Layout.LayoutManager] Started layout pass. To measure: 3 To arrange: 0
[2025-07-28 00:11:24.293] [INF] [] [Layout] [Avalonia.Layout.LayoutManager] Layout pass finished in "00:00:00.0001524"
[2025-07-28 00:11:24.296] [INF] [] [Layout] [Avalonia.Layout.LayoutManager] Started layout pass. To measure: 2 To arrange: 0
[2025-07-28 00:11:24.300] [INF] [] [Layout] [Avalonia.Layout.LayoutManager] Layout pass finished in "00:00:00.0026058"
[2025-07-28 00:11:24.310] [INF] [] [Layout] [Avalonia.Layout.LayoutManager] Started layout pass. To measure: 2 To arrange: 0
[2025-07-28 00:11:24.314] [INF] [] [Layout] [Avalonia.Layout.LayoutManager] Layout pass finished in "00:00:00.0021327"
[2025-07-28 00:11:24.330] [INF] [] [Layout] [Avalonia.Layout.LayoutManager] Started layout pass. To measure: 2 To arrange: 0
[2025-07-28 00:11:24.373] [INF] [] [Layout] [Avalonia.Layout.LayoutManager] Layout pass finished in "00:00:00.0062524"
[2025-07-28 00:11:24.399] [INF] [] [Layout] [Avalonia.Layout.LayoutManager] Started layout pass. To measure: 1 To arrange: 0
[2025-07-28 00:11:24.431] [INF] [] [Layout] [Avalonia.Layout.LayoutManager] Layout pass finished in "00:00:00.0018136"
[2025-07-28 00:11:24.449] [INF] [] [Layout] [Avalonia.Layout.LayoutManager] Started layout pass. To measure: 1 To arrange: 0
[2025-07-28 00:11:24.472] [INF] [] [Layout] [Avalonia.Layout.LayoutManager] Layout pass finished in "00:00:00.0017589"
[2025-07-28 00:11:24.483] [INF] [] [Layout] [Avalonia.Layout.LayoutManager] Started layout pass. To measure: 1 To arrange: 0
[2025-07-28 00:11:24.502] [INF] [] [Layout] [Avalonia.Layout.LayoutManager] Layout pass finished in "00:00:00.0000673"
[2025-07-28 00:11:24.545] [INF] [] [Layout] [Avalonia.Layout.LayoutManager] Started layout pass. To measure: 1 To arrange: 0
[2025-07-28 00:11:24.547] [INF] [] [Layout] [Avalonia.Layout.LayoutManager] Layout pass finished in "00:00:00.0000424"
[2025-07-28 00:11:25.483] [INF] [] [Layout] [Avalonia.Layout.LayoutManager] Started layout pass. To measure: 2 To arrange: 0
[2025-07-28 00:11:25.485] [INF] [] [Layout] [Avalonia.Layout.LayoutManager] Layout pass finished in "00:00:00.0003461"
[2025-07-28 00:11:25.490] [INF] [] [Layout] [Avalonia.Layout.LayoutManager] Started layout pass. To measure: 1 To arrange: 0
[2025-07-28 00:11:25.533] [INF] [] [Layout] [Avalonia.Layout.LayoutManager] Layout pass finished in "00:00:00.0028966"
[2025-07-28 00:11:25.546] [INF] [] [Layout] [Avalonia.Layout.LayoutManager] Started layout pass. To measure: 1 To arrange: 0
[2025-07-28 00:11:25.585] [INF] [] [Layout] [Avalonia.Layout.LayoutManager] Layout pass finished in "00:00:00.0036651"
[2025-07-28 00:11:25.602] [INF] [] [Layout] [Avalonia.Layout.LayoutManager] Started layout pass. To measure: 1 To arrange: 0
[2025-07-28 00:11:25.633] [INF] [] [Layout] [Avalonia.Layout.LayoutManager] Layout pass finished in "00:00:00.0046170"
[2025-07-28 00:11:26.068] [INF] [] [Layout] [Avalonia.Layout.LayoutManager] Started layout pass. To measure: 3 To arrange: 0
[2025-07-28 00:11:26.069] [INF] [] [Layout] [Avalonia.Layout.LayoutManager] Layout pass finished in "00:00:00.0002121"
[2025-07-28 00:11:26.073] [INF] [] [Layout] [Avalonia.Layout.LayoutManager] Started layout pass. To measure: 2 To arrange: 0
[2025-07-28 00:11:26.110] [INF] [] [Layout] [Avalonia.Layout.LayoutManager] Layout pass finished in "00:00:00.0021057"
[2025-07-28 00:11:26.123] [INF] [] [Layout] [Avalonia.Layout.LayoutManager] Started layout pass. To measure: 2 To arrange: 0
[2025-07-28 00:11:26.158] [INF] [] [Layout] [Avalonia.Layout.LayoutManager] Layout pass finished in "00:00:00.0019821"
[2025-07-28 00:11:26.170] [INF] [] [Layout] [Avalonia.Layout.LayoutManager] Started layout pass. To measure: 1 To arrange: 0
[2025-07-28 00:11:26.174] [INF] [] [Layout] [Avalonia.Layout.LayoutManager] Layout pass finished in "00:00:00.0024555"
[2025-07-28 00:11:26.191] [INF] [] [Layout] [Avalonia.Layout.LayoutManager] Started layout pass. To measure: 1 To arrange: 0
[2025-07-28 00:11:26.214] [INF] [] [Layout] [Avalonia.Layout.LayoutManager] Layout pass finished in "00:00:00.0030641"
[2025-07-28 00:11:26.227] [INF] [] [Layout] [Avalonia.Layout.LayoutManager] Started layout pass. To measure: 1 To arrange: 0
[2025-07-28 00:11:26.259] [INF] [] [Layout] [Avalonia.Layout.LayoutManager] Layout pass finished in "00:00:00.0017512"
[2025-07-28 00:11:26.274] [INF] [] [Layout] [Avalonia.Layout.LayoutManager] Started layout pass. To measure: 1 To arrange: 0
[2025-07-28 00:11:26.276] [INF] [] [Layout] [Avalonia.Layout.LayoutManager] Layout pass finished in "00:00:00.0000574"
[2025-07-28 00:11:27.282] [INF] [] [Layout] [Avalonia.Layout.LayoutManager] Started layout pass. To measure: 2 To arrange: 0
[2025-07-28 00:11:27.284] [INF] [] [Layout] [Avalonia.Layout.LayoutManager] Layout pass finished in "00:00:00.0002616"
[2025-07-28 00:11:27.289] [INF] [] [Layout] [Avalonia.Layout.LayoutManager] Started layout pass. To measure: 1 To arrange: 0
[2025-07-28 00:11:27.317] [INF] [] [Layout] [Avalonia.Layout.LayoutManager] Layout pass finished in "00:00:00.0023561"
[2025-07-28 00:11:27.323] [INF] [] [Layout] [Avalonia.Layout.LayoutManager] Started layout pass. To measure: 1 To arrange: 0
[2025-07-28 00:11:27.328] [INF] [] [Layout] [Avalonia.Layout.LayoutManager] Layout pass finished in "00:00:00.0032116"
[2025-07-28 00:11:27.344] [INF] [] [Layout] [Avalonia.Layout.LayoutManager] Started layout pass. To measure: 1 To arrange: 0
[2025-07-28 00:11:27.375] [INF] [] [Layout] [Avalonia.Layout.LayoutManager] Layout pass finished in "00:00:00.0016763"
[2025-07-28 00:11:27.393] [INF] [] [Layout] [Avalonia.Layout.LayoutManager] Started layout pass. To measure: 1 To arrange: 0
[2025-07-28 00:11:27.417] [INF] [] [Layout] [Avalonia.Layout.LayoutManager] Layout pass finished in "00:00:00.0013838"
[2025-07-28 00:11:27.895] [INF] [] [Layout] [Avalonia.Layout.LayoutManager] Started layout pass. To measure: 3 To arrange: 0
[2025-07-28 00:11:27.896] [INF] [] [Layout] [Avalonia.Layout.LayoutManager] Layout pass finished in "00:00:00.0001493"
[2025-07-28 00:11:27.899] [INF] [] [Layout] [Avalonia.Layout.LayoutManager] Started layout pass. To measure: 2 To arrange: 0
[2025-07-28 00:11:27.929] [INF] [] [Layout] [Avalonia.Layout.LayoutManager] Layout pass finished in "00:00:00.0019526"
[2025-07-28 00:11:27.941] [INF] [] [Layout] [Avalonia.Layout.LayoutManager] Started layout pass. To measure: 2 To arrange: 0
[2025-07-28 00:11:27.972] [INF] [] [Layout] [Avalonia.Layout.LayoutManager] Layout pass finished in "00:00:00.0021096"
[2025-07-28 00:11:27.983] [INF] [] [Layout] [Avalonia.Layout.LayoutManager] Started layout pass. To measure: 1 To arrange: 0
[2025-07-28 00:11:28.005] [INF] [] [Layout] [Avalonia.Layout.LayoutManager] Layout pass finished in "00:00:00.0024994"
[2025-07-28 00:11:28.017] [INF] [] [Layout] [Avalonia.Layout.LayoutManager] Started layout pass. To measure: 1 To arrange: 0
[2025-07-28 00:11:28.048] [INF] [] [Layout] [Avalonia.Layout.LayoutManager] Layout pass finished in "00:00:00.0023484"
[2025-07-28 00:11:28.061] [INF] [] [Layout] [Avalonia.Layout.LayoutManager] Started layout pass. To measure: 1 To arrange: 0
[2025-07-28 00:11:28.090] [INF] [] [Layout] [Avalonia.Layout.LayoutManager] Layout pass finished in "00:00:00.0038668"
[2025-07-28 00:11:28.101] [INF] [] [Layout] [Avalonia.Layout.LayoutManager] Started layout pass. To measure: 1 To arrange: 0
[2025-07-28 00:11:28.126] [INF] [] [Layout] [Avalonia.Layout.LayoutManager] Layout pass finished in "00:00:00.0000863"
[2025-07-28 00:11:28.698] [INF] [] [Layout] [Avalonia.Layout.LayoutManager] Started layout pass. To measure: 2 To arrange: 0
[2025-07-28 00:11:28.700] [INF] [] [Layout] [Avalonia.Layout.LayoutManager] Layout pass finished in "00:00:00.0002844"
[2025-07-28 00:11:28.705] [INF] [] [Layout] [Avalonia.Layout.LayoutManager] Started layout pass. To measure: 1 To arrange: 0
[2025-07-28 00:11:28.733] [INF] [] [Layout] [Avalonia.Layout.LayoutManager] Layout pass finished in "00:00:00.0075645"
[2025-07-28 00:11:28.748] [INF] [] [Layout] [Avalonia.Layout.LayoutManager] Started layout pass. To measure: 1 To arrange: 0
[2025-07-28 00:11:28.751] [INF] [] [Layout] [Avalonia.Layout.LayoutManager] Layout pass finished in "00:00:00.0023406"
[2025-07-28 00:11:28.767] [INF] [] [Layout] [Avalonia.Layout.LayoutManager] Started layout pass. To measure: 1 To arrange: 0
[2025-07-28 00:11:28.770] [INF] [] [Layout] [Avalonia.Layout.LayoutManager] Layout pass finished in "00:00:00.0015635"
[2025-07-28 00:11:28.788] [INF] [] [Layout] [Avalonia.Layout.LayoutManager] Started layout pass. To measure: 1 To arrange: 0
[2025-07-28 00:11:28.790] [INF] [] [Layout] [Avalonia.Layout.LayoutManager] Layout pass finished in "00:00:00.0008813"
[2025-07-28 00:11:28.802] [INF] [] [Layout] [Avalonia.Layout.LayoutManager] Started layout pass. To measure: 1 To arrange: 0
[2025-07-28 00:11:28.833] [INF] [] [Layout] [Avalonia.Layout.LayoutManager] Layout pass finished in "00:00:00.0033018"
[2025-07-28 00:11:29.440] [INF] [] [Layout] [Avalonia.Layout.LayoutManager] Started layout pass. To measure: 3 To arrange: 0
[2025-07-28 00:11:29.442] [INF] [] [Layout] [Avalonia.Layout.LayoutManager] Layout pass finished in "00:00:00.0002525"
[2025-07-28 00:11:29.455] [INF] [] [Layout] [Avalonia.Layout.LayoutManager] Started layout pass. To measure: 2 To arrange: 0
[2025-07-28 00:11:29.496] [INF] [] [Layout] [Avalonia.Layout.LayoutManager] Layout pass finished in "00:00:00.0021537"
[2025-07-28 00:11:29.511] [INF] [] [Layout] [Avalonia.Layout.LayoutManager] Started layout pass. To measure: 2 To arrange: 0
[2025-07-28 00:11:29.520] [INF] [] [Layout] [Avalonia.Layout.LayoutManager] Layout pass finished in "00:00:00.0055606"
[2025-07-28 00:11:29.539] [INF] [] [Layout] [Avalonia.Layout.LayoutManager] Started layout pass. To measure: 1 To arrange: 0
[2025-07-28 00:11:29.542] [INF] [] [Layout] [Avalonia.Layout.LayoutManager] Layout pass finished in "00:00:00.0016449"
[2025-07-28 00:11:29.553] [INF] [] [Layout] [Avalonia.Layout.LayoutManager] Started layout pass. To measure: 1 To arrange: 0
[2025-07-28 00:11:29.582] [INF] [] [Layout] [Avalonia.Layout.LayoutManager] Layout pass finished in "00:00:00.0013416"
[2025-07-28 00:11:29.594] [INF] [] [Layout] [Avalonia.Layout.LayoutManager] Started layout pass. To measure: 1 To arrange: 0
[2025-07-28 00:11:29.635] [INF] [] [Layout] [Avalonia.Layout.LayoutManager] Layout pass finished in "00:00:00.0061228"
[2025-07-28 00:11:29.650] [INF] [] [Layout] [Avalonia.Layout.LayoutManager] Started layout pass. To measure: 1 To arrange: 0
[2025-07-28 00:11:29.673] [INF] [] [Layout] [Avalonia.Layout.LayoutManager] Layout pass finished in "00:00:00.0001056"
[2025-07-28 00:11:29.981] [INF] [] [Layout] [Avalonia.Layout.LayoutManager] Started layout pass. To measure: 2 To arrange: 0
[2025-07-28 00:11:29.983] [INF] [] [Layout] [Avalonia.Layout.LayoutManager] Layout pass finished in "00:00:00.0003670"
[2025-07-28 00:11:29.990] [INF] [] [Layout] [Avalonia.Layout.LayoutManager] Started layout pass. To measure: 1 To arrange: 0
[2025-07-28 00:11:30.014] [INF] [] [Layout] [Avalonia.Layout.LayoutManager] Layout pass finished in "00:00:00.0019898"
[2025-07-28 00:11:30.024] [INF] [] [Layout] [Avalonia.Layout.LayoutManager] Started layout pass. To measure: 1 To arrange: 0
[2025-07-28 00:11:30.050] [INF] [] [Layout] [Avalonia.Layout.LayoutManager] Layout pass finished in "00:00:00.0069689"
[2025-07-28 00:11:30.066] [INF] [] [Layout] [Avalonia.Layout.LayoutManager] Started layout pass. To measure: 1 To arrange: 0
[2025-07-28 00:11:30.070] [INF] [] [Layout] [Avalonia.Layout.LayoutManager] Layout pass finished in "00:00:00.0022758"
[2025-07-28 00:11:30.087] [INF] [] [Layout] [Avalonia.Layout.LayoutManager] Started layout pass. To measure: 1 To arrange: 0
[2025-07-28 00:11:30.089] [INF] [] [Layout] [Avalonia.Layout.LayoutManager] Layout pass finished in "00:00:00.0007146"
[2025-07-28 00:11:30.765] [INF] [] [Layout] [Avalonia.Layout.LayoutManager] Started layout pass. To measure: 1 To arrange: 0
[2025-07-28 00:11:30.769] [INF] [] [Layout] [Avalonia.Layout.LayoutManager] Layout pass finished in "00:00:00.0025740"
[2025-07-28 00:11:30.839] [INF] [] [Layout] [Avalonia.Layout.LayoutManager] Started layout pass. To measure: 2 To arrange: 0
[2025-07-28 00:11:30.843] [INF] [] [Layout] [Avalonia.Layout.LayoutManager] Layout pass finished in "00:00:00.0021193"
[2025-07-28 00:11:33.624] [INF] [] [Layout] [Avalonia.Layout.LayoutManager] Started layout pass. To measure: 1 To arrange: 0
[2025-07-28 00:11:33.628] [INF] [] [Layout] [Avalonia.Layout.LayoutManager] Layout pass finished in "00:00:00.0021813"
[2025-07-28 00:11:33.716] [INF] [] [Layout] [Avalonia.Layout.LayoutManager] Started layout pass. To measure: 2 To arrange: 0
[2025-07-28 00:11:33.719] [INF] [] [Layout] [Avalonia.Layout.LayoutManager] Layout pass finished in "00:00:00.0023938"
[2025-07-28 00:11:36.181] [INF] [] [Layout] [Avalonia.Layout.LayoutManager] Started layout pass. To measure: 1 To arrange: 0
[2025-07-28 00:11:36.187] [INF] [] [Layout] [Avalonia.Layout.LayoutManager] Layout pass finished in "00:00:00.0020596"
[2025-07-28 00:11:36.258] [INF] [] [Layout] [Avalonia.Layout.LayoutManager] Started layout pass. To measure: 2 To arrange: 0
[2025-07-28 00:11:36.262] [INF] [] [Layout] [Avalonia.Layout.LayoutManager] Layout pass finished in "00:00:00.0025666"
[2025-07-28 00:11:41.331] [INF] [] [Layout] [Avalonia.Layout.LayoutManager] Started layout pass. To measure: 1 To arrange: 0
[2025-07-28 00:11:41.332] [INF] [] [Layout] [Avalonia.Layout.LayoutManager] Layout pass finished in "00:00:00.0000113"
[2025-07-28 00:11:41.335] [INF] [] [Layout] [Avalonia.Layout.LayoutManager] Started layout pass. To measure: 2 To arrange: 0
[2025-07-28 00:11:41.337] [INF] [] [Layout] [Avalonia.Layout.LayoutManager] Layout pass finished in "00:00:00.0000558"
[2025-07-28 00:11:42.589] [INF] [] [Layout] [Avalonia.Layout.LayoutManager] Started layout pass. To measure: 1 To arrange: 0
[2025-07-28 00:11:42.590] [INF] [] [Layout] [Avalonia.Layout.LayoutManager] Layout pass finished in "00:00:00.0000147"
[2025-07-28 00:11:42.594] [INF] [] [Layout] [Avalonia.Layout.LayoutManager] Started layout pass. To measure: 2 To arrange: 0
[2025-07-28 00:11:42.595] [INF] [] [Layout] [Avalonia.Layout.LayoutManager] Layout pass finished in "00:00:00.0000463"
[2025-07-28 00:11:43.604] [INF] [] [Layout] [Avalonia.Layout.LayoutManager] Started layout pass. To measure: 1 To arrange: 0
[2025-07-28 00:11:43.606] [INF] [] [Layout] [Avalonia.Layout.LayoutManager] Layout pass finished in "00:00:00.0000159"
[2025-07-28 00:11:43.625] [INF] [] [Layout] [Avalonia.Layout.LayoutManager] Started layout pass. To measure: 5 To arrange: 2
[2025-07-28 00:11:43.626] [INF] [] [Layout] [Avalonia.Layout.LayoutManager] Layout pass finished in "00:00:00.0001328"
[2025-07-28 00:11:44.792] [INF] [] [Layout] [Avalonia.Layout.LayoutManager] Started layout pass. To measure: 4 To arrange: 1
[2025-07-28 00:11:44.793] [INF] [] [Layout] [Avalonia.Layout.LayoutManager] Layout pass finished in "00:00:00.0002030"
[2025-07-28 00:11:45.361] [INF] [] [Layout] [Avalonia.Layout.LayoutManager] Started layout pass. To measure: 1 To arrange: 0
[2025-07-28 00:11:45.363] [INF] [] [Layout] [Avalonia.Layout.LayoutManager] Layout pass finished in "00:00:00.0000104"
[2025-07-28 00:11:45.366] [INF] [] [Layout] [Avalonia.Layout.LayoutManager] Started layout pass. To measure: 2 To arrange: 0
[2025-07-28 00:11:45.367] [INF] [] [Layout] [Avalonia.Layout.LayoutManager] Layout pass finished in "00:00:00.0000483"
[2025-07-28 00:11:46.571] [INF] [] [Layout] [Avalonia.Layout.LayoutManager] Started layout pass. To measure: 11 To arrange: 0
[2025-07-28 00:11:46.572] [INF] [] [Layout] [Avalonia.Layout.LayoutManager] Layout pass finished in "00:00:00.0001103"
[2025-07-28 00:11:46.588] [INF] [] [Layout] [Avalonia.Layout.LayoutManager] Started layout pass. To measure: 5 To arrange: 1
[2025-07-28 00:11:46.589] [INF] [] [Layout] [Avalonia.Layout.LayoutManager] Layout pass finished in "00:00:00.0002176"
[2025-07-28 00:11:47.994] [INF] [] [Layout] [Avalonia.Layout.LayoutManager] Started layout pass. To measure: 4 To arrange: 1
[2025-07-28 00:11:47.996] [INF] [] [Layout] [Avalonia.Layout.LayoutManager] Layout pass finished in "00:00:00.0002091"
[2025-07-28 00:11:48.494] [INF] [] [Layout] [Avalonia.Layout.LayoutManager] Started layout pass. To measure: 1 To arrange: 0
[2025-07-28 00:11:48.495] [INF] [] [Layout] [Avalonia.Layout.LayoutManager] Layout pass finished in "00:00:00.0000144"
[2025-07-28 00:11:48.498] [INF] [] [Layout] [Avalonia.Layout.LayoutManager] Started layout pass. To measure: 2 To arrange: 0
[2025-07-28 00:11:48.499] [INF] [] [Layout] [Avalonia.Layout.LayoutManager] Layout pass finished in "00:00:00.0000794"
[2025-07-28 00:11:49.716] [INF] [] [Layout] [Avalonia.Layout.LayoutManager] Started layout pass. To measure: 0 To arrange: 0
[2025-07-28 00:11:49.718] [INF] [] [Layout] [Avalonia.Layout.LayoutManager] Layout pass finished in "00:00:00.0000022"
[2025-07-28 00:11:49.734] [INF] [] [Layout] [Avalonia.Layout.LayoutManager] Started layout pass. To measure: 30 To arrange: 0
[2025-07-28 00:11:49.735] [INF] [] [Layout] [Avalonia.Layout.LayoutManager] Layout pass finished in "00:00:00.0000977"
[2025-07-28 00:11:49.752] [INF] [] [Layout] [Avalonia.Layout.LayoutManager] Started layout pass. To measure: 1 To arrange: 0
[2025-07-28 00:11:49.753] [INF] [] [Layout] [Avalonia.Layout.LayoutManager] Layout pass finished in "00:00:00.0006618"
[2025-07-28 00:11:49.763] [INF] [] [Layout] [Avalonia.Layout.LayoutManager] Started layout pass. To measure: 5 To arrange: 1
[2025-07-28 00:11:49.764] [INF] [] [Layout] [Avalonia.Layout.LayoutManager] Layout pass finished in "00:00:00.0001337"
[2025-07-28 00:11:49.765] [INF] [] [Layout] [Avalonia.Layout.LayoutManager] Started layout pass. To measure: 4 To arrange: 0
[2025-07-28 00:11:49.766] [INF] [] [Layout] [Avalonia.Layout.LayoutManager] Layout pass finished in "00:00:00.0001322"
[2025-07-28 00:11:52.346] [INF] [] [Layout] [Avalonia.Layout.LayoutManager] Started layout pass. To measure: 5 To arrange: 0
[2025-07-28 00:11:52.392] [INF] [] [Layout] [Avalonia.Layout.LayoutManager] Layout pass finished in "00:00:00.0449714"
[2025-07-28 00:11:54.381] [INF] [] [Layout] [Avalonia.Layout.LayoutManager] Started layout pass. To measure: 4 To arrange: 1
[2025-07-28 00:11:54.383] [INF] [] [Layout] [Avalonia.Layout.LayoutManager] Layout pass finished in "00:00:00.0001928"
[2025-07-28 00:11:55.843] [INF] [] [Layout] [Avalonia.Layout.LayoutManager] Started layout pass. To measure: 2 To arrange: 0
[2025-07-28 00:11:55.844] [INF] [] [Layout] [Avalonia.Layout.LayoutManager] Layout pass finished in "00:00:00.0000910"
[2025-07-28 00:11:55.871] [INF] [] [Layout] [Avalonia.Layout.LayoutManager] Started layout pass. To measure: 1 To arrange: 0
[2025-07-28 00:11:55.873] [INF] [] [Layout] [Avalonia.Layout.LayoutManager] Layout pass finished in "00:00:00.0000794"
[2025-07-28 00:11:56.056] [INF] [] [Layout] [Avalonia.Layout.LayoutManager] Started layout pass. To measure: 4 To arrange: 1
[2025-07-28 00:11:56.057] [INF] [] [Layout] [Avalonia.Layout.LayoutManager] Layout pass finished in "00:00:00.0002972"
[2025-07-28 00:11:57.956] [INF] [] [Layout] [Avalonia.Layout.LayoutManager] Started layout pass. To measure: 4 To arrange: 1
[2025-07-28 00:11:57.958] [INF] [] [Layout] [Avalonia.Layout.LayoutManager] Layout pass finished in "00:00:00.0001271"
[2025-07-28 00:11:58.070] [INF] [] [Layout] [Avalonia.Layout.LayoutManager] Started layout pass. To measure: 2 To arrange: 0
[2025-07-28 00:11:58.072] [INF] [] [Layout] [Avalonia.Layout.LayoutManager] Layout pass finished in "00:00:00.0000680"
[2025-07-28 00:11:58.148] [INF] [] [Layout] [Avalonia.Layout.LayoutManager] Started layout pass. To measure: 1 To arrange: 0
[2025-07-28 00:11:58.150] [INF] [] [Layout] [Avalonia.Layout.LayoutManager] Layout pass finished in "00:00:00.0000424"
[2025-07-28 00:11:59.909] [INF] [] [Layout] [Avalonia.Layout.LayoutManager] Started layout pass. To measure: 1 To arrange: 0
[2025-07-28 00:11:59.910] [INF] [] [Layout] [Avalonia.Layout.LayoutManager] Layout pass finished in "00:00:00.0000134"
[2025-07-28 00:11:59.914] [INF] [] [Layout] [Avalonia.Layout.LayoutManager] Started layout pass. To measure: 2 To arrange: 0
[2025-07-28 00:11:59.915] [INF] [] [Layout] [Avalonia.Layout.LayoutManager] Layout pass finished in "00:00:00.0000424"
[2025-07-28 00:12:00.041] [INF] [] [Layout] [Avalonia.Layout.LayoutManager] Started layout pass. To measure: 1 To arrange: 0
[2025-07-28 00:12:00.042] [INF] [] [Layout] [Avalonia.Layout.LayoutManager] Layout pass finished in "00:00:00.0000113"
[2025-07-28 00:12:00.046] [INF] [] [Layout] [Avalonia.Layout.LayoutManager] Started layout pass. To measure: 2 To arrange: 0
[2025-07-28 00:12:00.047] [INF] [] [Layout] [Avalonia.Layout.LayoutManager] Layout pass finished in "00:00:00.0000372"
[2025-07-28 00:12:00.683] [INF] [] [Layout] [Avalonia.Layout.LayoutManager] Started layout pass. To measure: 0 To arrange: 0
[2025-07-28 00:12:00.684] [INF] [] [Layout] [Avalonia.Layout.LayoutManager] Layout pass finished in "00:00:00.0000013"
[2025-07-28 00:12:00.692] [INF] [] [Layout] [Avalonia.Layout.LayoutManager] Started layout pass. To measure: 30 To arrange: 0
[2025-07-28 00:12:00.693] [INF] [] [Layout] [Avalonia.Layout.LayoutManager] Layout pass finished in "00:00:00.0000825"
[2025-07-28 00:12:00.712] [INF] [] [Layout] [Avalonia.Layout.LayoutManager] Started layout pass. To measure: 1 To arrange: 0
[2025-07-28 00:12:00.714] [INF] [] [Layout] [Avalonia.Layout.LayoutManager] Layout pass finished in "00:00:00.0005717"
[2025-07-28 00:12:00.766] [INF] [] [Layout] [Avalonia.Layout.LayoutManager] Started layout pass. To measure: 5 To arrange: 1
[2025-07-28 00:12:00.768] [INF] [] [Layout] [Avalonia.Layout.LayoutManager] Layout pass finished in "00:00:00.0003288"
[2025-07-28 00:12:00.799] [INF] [] [Layout] [Avalonia.Layout.LayoutManager] Started layout pass. To measure: 4 To arrange: 0
[2025-07-28 00:12:00.800] [INF] [] [Layout] [Avalonia.Layout.LayoutManager] Layout pass finished in "00:00:00.0001952"
[2025-07-28 00:12:02.271] [INF] [] [Layout] [Avalonia.Layout.LayoutManager] Started layout pass. To measure: 1 To arrange: 0
[2025-07-28 00:12:02.272] [INF] [] [Layout] [Avalonia.Layout.LayoutManager] Layout pass finished in "00:00:00.0000171"
[2025-07-28 00:12:02.279] [INF] [] [Layout] [Avalonia.Layout.LayoutManager] Started layout pass. To measure: 1 To arrange: 0
[2025-07-28 00:12:02.280] [INF] [] [Layout] [Avalonia.Layout.LayoutManager] Layout pass finished in "00:00:00.0000149"
[2025-07-28 00:12:02.810] [INF] [] [Layout] [Avalonia.Layout.LayoutManager] Started layout pass. To measure: 1 To arrange: 0
[2025-07-28 00:12:02.812] [INF] [] [Layout] [Avalonia.Layout.LayoutManager] Layout pass finished in "00:00:00.0000263"
[2025-07-28 00:12:02.856] [INF] [] [Layout] [Avalonia.Layout.LayoutManager] Started layout pass. To measure: 1 To arrange: 0
[2025-07-28 00:12:02.857] [INF] [] [Layout] [Avalonia.Layout.LayoutManager] Layout pass finished in "00:00:00.0000229"
[2025-07-28 00:12:02.950] [INF] [] [Layout] [Avalonia.Layout.LayoutManager] Started layout pass. To measure: 4 To arrange: 1
[2025-07-28 00:12:02.952] [INF] [] [Layout] [Avalonia.Layout.LayoutManager] Layout pass finished in "00:00:00.0001444"
[2025-07-28 00:12:03.274] [INF] [] [Layout] [Avalonia.Layout.LayoutManager] Started layout pass. To measure: 2 To arrange: 0
[2025-07-28 00:12:03.276] [INF] [] [Layout] [Avalonia.Layout.LayoutManager] Layout pass finished in "00:00:00.0000463"
[2025-07-28 00:12:03.282] [INF] [] [Layout] [Avalonia.Layout.LayoutManager] Started layout pass. To measure: 1 To arrange: 0
[2025-07-28 00:12:03.284] [INF] [] [Layout] [Avalonia.Layout.LayoutManager] Layout pass finished in "00:00:00.0001336"
[2025-07-28 00:12:03.289] [INF] [] [Layout] [Avalonia.Layout.LayoutManager] Started layout pass. To measure: 1 To arrange: 0
[2025-07-28 00:12:03.291] [INF] [] [Layout] [Avalonia.Layout.LayoutManager] Layout pass finished in "00:00:00.0000917"
[2025-07-28 00:12:03.492] [INF] [] [Layout] [Avalonia.Layout.LayoutManager] Started layout pass. To measure: 3 To arrange: 0
[2025-07-28 00:12:03.493] [INF] [] [Layout] [Avalonia.Layout.LayoutManager] Layout pass finished in "00:00:00.0000454"
[2025-07-28 00:12:03.708] [INF] [] [Layout] [Avalonia.Layout.LayoutManager] Started layout pass. To measure: 1 To arrange: 0
[2025-07-28 00:12:03.709] [INF] [] [Layout] [Avalonia.Layout.LayoutManager] Layout pass finished in "00:00:00.0000410"
[2025-07-28 00:12:04.165] [INF] [] [Layout] [Avalonia.Layout.LayoutManager] Started layout pass. To measure: 4 To arrange: 1
[2025-07-28 00:12:04.167] [INF] [] [Layout] [Avalonia.Layout.LayoutManager] Layout pass finished in "00:00:00.0001385"
[2025-07-28 00:13:40.381] [DBG] [] Adding embedded font collection...
[2025-07-28 00:13:40.404] [DBG] [] Embedded font collection added successfully
[2025-07-28 00:13:40.465] [INF] [] Application framework initialization starting
[2025-07-28 00:13:40.684] [DBG] [] Creating splash screen
[2025-07-28 00:13:40.889] [INF] [] [Layout] [Avalonia.Layout.LayoutManager] Started layout pass. To measure: 0 To arrange: 0
[2025-07-28 00:13:40.895] [INF] [] [Layout] [Avalonia.Layout.LayoutManager] Layout pass finished in "00:00:00.0021346"
[2025-07-28 00:13:40.995] [INF] [] [Layout] [Avalonia.Layout.LayoutManager] Started layout pass. To measure: 3 To arrange: 0
[2025-07-28 00:13:40.997] [INF] [] [Layout] [Avalonia.Layout.LayoutManager] Layout pass finished in "00:00:00.0008515"
[2025-07-28 00:13:42.031] [DBG] [] Checking server availability
[2025-07-28 00:13:42.157] [INF] [] [Layout] [Avalonia.Layout.LayoutManager] Started layout pass. To measure: 1 To arrange: 0
[2025-07-28 00:13:42.160] [INF] [] [Layout] [Avalonia.Layout.LayoutManager] Layout pass finished in "00:00:00.0006605"
[2025-07-28 00:13:44.356] [INF] [] [Layout] [Avalonia.Layout.LayoutManager] Started layout pass. To measure: 1 To arrange: 0
[2025-07-28 00:13:44.359] [INF] [] [Layout] [Avalonia.Layout.LayoutManager] Layout pass finished in "00:00:00.0004486"
[2025-07-28 00:13:47.397] [DBG] [] Splash screen closed
[2025-07-28 00:13:47.398] [DBG] [] Creating authentication window
[2025-07-28 00:13:47.579] [INF] [] [Layout] [Avalonia.Layout.LayoutManager] Started layout pass. To measure: 0 To arrange: 0
[2025-07-28 00:13:47.584] [INF] [] [Layout] [Avalonia.Layout.LayoutManager] Layout pass finished in "00:00:00.0000034"
[2025-07-28 00:13:47.824] [INF] [] [Layout] [Avalonia.Layout.LayoutManager] Started layout pass. To measure: 2 To arrange: 0
[2025-07-28 00:13:47.825] [INF] [] [Layout] [Avalonia.Layout.LayoutManager] Layout pass finished in "00:00:00.0000141"
[2025-07-28 00:13:47.830] [INF] [] [Layout] [Avalonia.Layout.LayoutManager] Started layout pass. To measure: 1 To arrange: 0
[2025-07-28 00:13:47.832] [INF] [] [Layout] [Avalonia.Layout.LayoutManager] Layout pass finished in "00:00:00.0008659"
[2025-07-28 00:13:47.847] [INF] [] [Layout] [Avalonia.Layout.LayoutManager] Started layout pass. To measure: 4 To arrange: 0
[2025-07-28 00:13:47.849] [INF] [] [Layout] [Avalonia.Layout.LayoutManager] Layout pass finished in "00:00:00.0003826"
[2025-07-28 00:13:48.611] [INF] [] [Layout] [Avalonia.Layout.LayoutManager] Started layout pass. To measure: 1 To arrange: 1
[2025-07-28 00:13:48.613] [INF] [] [Layout] [Avalonia.Layout.LayoutManager] Layout pass finished in "00:00:00.0007492"
[2025-07-28 00:13:48.833] [INF] [] [Layout] [Avalonia.Layout.LayoutManager] Started layout pass. To measure: 3 To arrange: 0
[2025-07-28 00:13:48.839] [INF] [] [Layout] [Avalonia.Layout.LayoutManager] Layout pass finished in "00:00:00.0003573"
[2025-07-28 00:13:49.036] [INF] [] [Layout] [Avalonia.Layout.LayoutManager] Started layout pass. To measure: 1 To arrange: 0
[2025-07-28 00:13:49.038] [INF] [] [Layout] [Avalonia.Layout.LayoutManager] Layout pass finished in "00:00:00.0002254"
[2025-07-28 00:13:49.425] [INF] [] [Layout] [Avalonia.Layout.LayoutManager] Started layout pass. To measure: 1 To arrange: 0
[2025-07-28 00:13:49.427] [INF] [] [Layout] [Avalonia.Layout.LayoutManager] Layout pass finished in "00:00:00.0002486"
[2025-07-28 00:13:49.782] [INF] [] [Layout] [Avalonia.Layout.LayoutManager] Started layout pass. To measure: 1 To arrange: 0
[2025-07-28 00:13:49.784] [INF] [] [Layout] [Avalonia.Layout.LayoutManager] Layout pass finished in "00:00:00.0002204"
[2025-07-28 00:13:49.980] [INF] [] [Layout] [Avalonia.Layout.LayoutManager] Started layout pass. To measure: 1 To arrange: 0
[2025-07-28 00:13:49.982] [INF] [] [Layout] [Avalonia.Layout.LayoutManager] Layout pass finished in "00:00:00.0002636"
[2025-07-28 00:13:50.151] [INF] [] [Layout] [Avalonia.Layout.LayoutManager] Started layout pass. To measure: 4 To arrange: 1
[2025-07-28 00:13:50.159] [INF] [] [Layout] [Avalonia.Layout.LayoutManager] Layout pass finished in "00:00:00.0059552"
[2025-07-28 00:13:50.409] [INF] [] [Layout] [Avalonia.Layout.LayoutManager] Started layout pass. To measure: 3 To arrange: 0
[2025-07-28 00:13:50.411] [INF] [] [Layout] [Avalonia.Layout.LayoutManager] Layout pass finished in "00:00:00.0002269"
[2025-07-28 00:13:50.596] [INF] [] [Layout] [Avalonia.Layout.LayoutManager] Started layout pass. To measure: 1 To arrange: 0
[2025-07-28 00:13:50.598] [INF] [] [Layout] [Avalonia.Layout.LayoutManager] Layout pass finished in "00:00:00.0002458"
[2025-07-28 00:13:50.661] [INF] [] [Layout] [Avalonia.Layout.LayoutManager] Started layout pass. To measure: 1 To arrange: 0
[2025-07-28 00:13:50.662] [INF] [] [Layout] [Avalonia.Layout.LayoutManager] Layout pass finished in "00:00:00.0002532"
[2025-07-28 00:13:50.846] [INF] [] [Layout] [Avalonia.Layout.LayoutManager] Started layout pass. To measure: 1 To arrange: 0
[2025-07-28 00:13:50.848] [INF] [] [Layout] [Avalonia.Layout.LayoutManager] Layout pass finished in "00:00:00.0002193"
[2025-07-28 00:13:51.023] [INF] [] [Layout] [Avalonia.Layout.LayoutManager] Started layout pass. To measure: 1 To arrange: 0
[2025-07-28 00:13:51.025] [INF] [] [Layout] [Avalonia.Layout.LayoutManager] Layout pass finished in "00:00:00.0002865"
[2025-07-28 00:13:52.092] [INF] [] [Layout] [Avalonia.Layout.LayoutManager] Started layout pass. To measure: 6 To arrange: 0
[2025-07-28 00:13:52.093] [INF] [] [Layout] [Avalonia.Layout.LayoutManager] Layout pass finished in "00:00:00.0002384"
[2025-07-28 00:13:52.258] [INF] [] [Layout] [Avalonia.Layout.LayoutManager] Started layout pass. To measure: 2 To arrange: 0
[2025-07-28 00:13:52.260] [INF] [] [Layout] [Avalonia.Layout.LayoutManager] Layout pass finished in "00:00:00.0007957"
[2025-07-28 00:13:54.885] [INF] [] Administrator successfully authenticated
[2025-07-28 00:13:54.902] [DBG] [] Auth window closed with result: true
[2025-07-28 00:13:54.904] [INF] [] Authentication successful, initializing main window
[2025-07-28 00:13:54.977] [INF] [] Main window initialized
[2025-07-28 00:13:54.980] [INF] [] [Layout] [Avalonia.Layout.LayoutManager] Started layout pass. To measure: 0 To arrange: 0
[2025-07-28 00:13:54.981] [INF] [] [Layout] [Avalonia.Layout.LayoutManager] Layout pass finished in "00:00:00.0000037"
[2025-07-28 00:13:55.036] [WRN] [] [Binding] [Avalonia.Controls.Primitives.Popup] An error occurred binding MinWidth to $parent[TextBox].Bounds.Width at $parent[TextBox]: Ancestor not found.
[2025-07-28 00:13:55.042] [WRN] [] [Binding] [Avalonia.Controls.Primitives.Popup] An error occurred binding MinWidth to $parent[TextBox].Bounds.Width at $parent[TextBox]: Ancestor not found.
[2025-07-28 00:13:55.044] [WRN] [] [Binding] [Avalonia.Controls.Primitives.Popup] An error occurred binding MinWidth to $parent[TextBox].Bounds.Width at $parent[TextBox]: Ancestor not found.
[2025-07-28 00:13:55.045] [WRN] [] [Binding] [Avalonia.Controls.Primitives.Popup] An error occurred binding MinWidth to $parent[TextBox].Bounds.Width at $parent[TextBox]: Ancestor not found.
[2025-07-28 00:13:55.047] [WRN] [] [Binding] [Avalonia.Controls.Primitives.Popup] An error occurred binding MinWidth to $parent[TextBox].Bounds.Width at $parent[TextBox]: Ancestor not found.
[2025-07-28 00:13:55.049] [WRN] [] [Binding] [Avalonia.Controls.Primitives.Popup] An error occurred binding MinWidth to $parent[TextBox].Bounds.Width at $parent[TextBox]: Ancestor not found.
[2025-07-28 00:13:55.106] [WRN] [] [Binding] [Dock.Avalonia.Controls.ToolPinnedControl] An error occurred binding IsVisible to !!LeftPinnedDockables.Count at LeftPinnedDockables: Value is null.
[2025-07-28 00:13:55.107] [WRN] [] [Binding] [Dock.Avalonia.Controls.ToolPinnedControl] An error occurred binding IsVisible to !!RightPinnedDockables.Count at RightPinnedDockables: Value is null.
[2025-07-28 00:13:55.109] [WRN] [] [Binding] [Dock.Avalonia.Controls.ToolPinnedControl] An error occurred binding IsVisible to !!TopPinnedDockables.Count at TopPinnedDockables: Value is null.
[2025-07-28 00:13:55.110] [WRN] [] [Binding] [Dock.Avalonia.Controls.ToolPinnedControl] An error occurred binding IsVisible to !!BottomPinnedDockables.Count at BottomPinnedDockables: Value is null.
[2025-07-28 00:13:55.113] [WRN] [] [Binding] [Dock.Avalonia.Controls.PinnedDockControl] An error occurred binding PinnedDockAlignment to PinnedDock.Alignment at PinnedDock: Value is null.
[2025-07-28 00:13:55.282] [WRN] [] [Binding] [Avalonia.Controls.Grid] An error occurred binding IsVisible to !PinnedDock.IsEmpty at PinnedDock: Value is null.
[2025-07-28 00:13:55.310] [INF] [] [Layout] [Avalonia.Layout.LayoutManager] Started layout pass. To measure: 34 To arrange: 0
[2025-07-28 00:13:55.313] [INF] [] [Layout] [Avalonia.Layout.LayoutManager] Layout pass finished in "00:00:00.0012381"
[2025-07-28 00:13:55.316] [INF] [] [Layout] [Avalonia.Layout.LayoutManager] Started layout pass. To measure: 1 To arrange: 0
[2025-07-28 00:13:55.322] [INF] [] [Layout] [Avalonia.Layout.LayoutManager] Layout pass finished in "00:00:00.0033512"
[2025-07-28 00:13:55.336] [INF] [] Application framework initialization completed
[2025-07-28 00:13:55.349] [INF] [] [Layout] [Avalonia.Layout.LayoutManager] Started layout pass. To measure: 5 To arrange: 2
[2025-07-28 00:13:55.351] [INF] [] [Layout] [Avalonia.Layout.LayoutManager] Layout pass finished in "00:00:00.0007226"
[2025-07-28 00:13:55.380] [INF] [] [Layout] [Avalonia.Layout.LayoutManager] Started layout pass. To measure: 8 To arrange: 0
[2025-07-28 00:13:55.385] [INF] [] [Layout] [Avalonia.Layout.LayoutManager] Layout pass finished in "00:00:00.0025939"
[2025-07-28 00:13:55.387] [INF] [] [Layout] [Avalonia.Layout.LayoutManager] Started layout pass. To measure: 4 To arrange: 0
[2025-07-28 00:13:55.395] [INF] [] [Layout] [Avalonia.Layout.LayoutManager] Layout pass finished in "00:00:00.0060694"
[2025-07-28 00:13:55.397] [INF] [] [Layout] [Avalonia.Layout.LayoutManager] Started layout pass. To measure: 1 To arrange: 0
[2025-07-28 00:13:55.402] [INF] [] [Layout] [Avalonia.Layout.LayoutManager] Layout pass finished in "00:00:00.0027678"
[2025-07-28 00:13:55.410] [INF] [] [Layout] [Avalonia.Layout.LayoutManager] Started layout pass. To measure: 1 To arrange: 0
[2025-07-28 00:13:55.413] [INF] [] [Layout] [Avalonia.Layout.LayoutManager] Layout pass finished in "00:00:00.0000404"
[2025-07-28 00:13:55.418] [INF] [] [Layout] [Avalonia.Layout.LayoutManager] Started layout pass. To measure: 2 To arrange: 0
[2025-07-28 00:13:55.420] [INF] [] [Layout] [Avalonia.Layout.LayoutManager] Layout pass finished in "00:00:00.0000714"
[2025-07-28 00:13:55.497] [INF] [] [Layout] [Avalonia.Layout.LayoutManager] Started layout pass. To measure: 1 To arrange: 0
[2025-07-28 00:13:55.502] [INF] [] [Layout] [Avalonia.Layout.LayoutManager] Layout pass finished in "00:00:00.0032044"
[2025-07-28 00:13:55.520] [INF] [] [Layout] [Avalonia.Layout.LayoutManager] Started layout pass. To measure: 1 To arrange: 0
[2025-07-28 00:13:55.522] [INF] [] [Layout] [Avalonia.Layout.LayoutManager] Layout pass finished in "00:00:00.0000645"
[2025-07-28 00:13:56.511] [INF] [] [Layout] [Avalonia.Layout.LayoutManager] Started layout pass. To measure: 1 To arrange: 0
[2025-07-28 00:13:56.516] [INF] [] [Layout] [Avalonia.Layout.LayoutManager] Layout pass finished in "00:00:00.0022690"
[2025-07-28 00:13:56.587] [INF] [] [Layout] [Avalonia.Layout.LayoutManager] Started layout pass. To measure: 2 To arrange: 0
[2025-07-28 00:13:56.592] [INF] [] [Layout] [Avalonia.Layout.LayoutManager] Layout pass finished in "00:00:00.0025297"
[2025-07-28 00:13:57.662] [INF] [] [Layout] [Avalonia.Layout.LayoutManager] Started layout pass. To measure: 3 To arrange: 0
[2025-07-28 00:13:57.663] [INF] [] [Layout] [Avalonia.Layout.LayoutManager] Layout pass finished in "00:00:00.0000417"
[2025-07-28 00:13:57.668] [INF] [] [Layout] [Avalonia.Layout.LayoutManager] Started layout pass. To measure: 1 To arrange: 1
[2025-07-28 00:13:57.669] [INF] [] [Layout] [Avalonia.Layout.LayoutManager] Layout pass finished in "00:00:00.0000462"
[2025-07-28 00:13:58.521] [INF] [] [Layout] [Avalonia.Layout.LayoutManager] Started layout pass. To measure: 0 To arrange: 0
[2025-07-28 00:13:58.523] [INF] [] [Layout] [Avalonia.Layout.LayoutManager] Layout pass finished in "00:00:00.0000021"
[2025-07-28 00:13:58.533] [INF] [] [Layout] [Avalonia.Layout.LayoutManager] Started layout pass. To measure: 2 To arrange: 0
[2025-07-28 00:13:58.534] [INF] [] [Layout] [Avalonia.Layout.LayoutManager] Layout pass finished in "00:00:00.0000057"
[2025-07-28 00:13:58.575] [INF] [] [Layout] [Avalonia.Layout.LayoutManager] Started layout pass. To measure: 1 To arrange: 0
[2025-07-28 00:13:58.578] [INF] [] [Layout] [Avalonia.Layout.LayoutManager] Layout pass finished in "00:00:00.0008835"
[2025-07-28 00:13:58.596] [INF] [] [Layout] [Avalonia.Layout.LayoutManager] Started layout pass. To measure: 5 To arrange: 2
[2025-07-28 00:13:58.600] [INF] [] [Layout] [Avalonia.Layout.LayoutManager] Layout pass finished in "00:00:00.0001859"
[2025-07-28 00:13:58.602] [INF] [] [Layout] [Avalonia.Layout.LayoutManager] Started layout pass. To measure: 4 To arrange: 0
[2025-07-28 00:13:58.605] [INF] [] [Layout] [Avalonia.Layout.LayoutManager] Layout pass finished in "00:00:00.0007385"
[2025-07-28 00:13:59.516] [INF] [] [Layout] [Avalonia.Layout.LayoutManager] Started layout pass. To measure: 1 To arrange: 0
[2025-07-28 00:13:59.518] [INF] [] [Layout] [Avalonia.Layout.LayoutManager] Layout pass finished in "00:00:00.0000261"
[2025-07-28 00:13:59.720] [INF] [] [Layout] [Avalonia.Layout.LayoutManager] Started layout pass. To measure: 1 To arrange: 0
[2025-07-28 00:13:59.722] [INF] [] [Layout] [Avalonia.Layout.LayoutManager] Layout pass finished in "00:00:00.0000202"
[2025-07-28 00:13:59.723] [INF] [] [Layout] [Avalonia.Layout.LayoutManager] Started layout pass. To measure: 6 To arrange: 0
[2025-07-28 00:13:59.725] [INF] [] [Layout] [Avalonia.Layout.LayoutManager] Layout pass finished in "00:00:00.0000303"
[2025-07-28 00:13:59.866] [INF] [] [Layout] [Avalonia.Layout.LayoutManager] Started layout pass. To measure: 4 To arrange: 1
[2025-07-28 00:13:59.868] [INF] [] [Layout] [Avalonia.Layout.LayoutManager] Layout pass finished in "00:00:00.0001758"
[2025-07-28 00:14:00.743] [INF] [] [Layout] [Avalonia.Layout.LayoutManager] Started layout pass. To measure: 1 To arrange: 0
[2025-07-28 00:14:00.745] [INF] [] [Layout] [Avalonia.Layout.LayoutManager] Layout pass finished in "00:00:00.0000156"
[2025-07-28 00:14:00.748] [INF] [] [Layout] [Avalonia.Layout.LayoutManager] Started layout pass. To measure: 2 To arrange: 0
[2025-07-28 00:14:00.750] [INF] [] [Layout] [Avalonia.Layout.LayoutManager] Layout pass finished in "00:00:00.0000346"
[2025-07-28 00:14:00.979] [INF] [] [Layout] [Avalonia.Layout.LayoutManager] Started layout pass. To measure: 1 To arrange: 0
[2025-07-28 00:14:00.985] [INF] [] [Layout] [Avalonia.Layout.LayoutManager] Layout pass finished in "00:00:00.0000231"
[2025-07-28 00:14:00.991] [INF] [] [Layout] [Avalonia.Layout.LayoutManager] Started layout pass. To measure: 2 To arrange: 0
[2025-07-28 00:14:00.993] [INF] [] [Layout] [Avalonia.Layout.LayoutManager] Layout pass finished in "00:00:00.0000492"
[2025-07-28 00:14:01.400] [INF] [] [Layout] [Avalonia.Layout.LayoutManager] Started layout pass. To measure: 7 To arrange: 0
[2025-07-28 00:14:01.403] [INF] [] [Layout] [Avalonia.Layout.LayoutManager] Layout pass finished in "00:00:00.0010340"
[2025-07-28 00:14:01.406] [INF] [] [Layout] [Avalonia.Layout.LayoutManager] Started layout pass. To measure: 2 To arrange: 0
[2025-07-28 00:14:01.408] [INF] [] [Layout] [Avalonia.Layout.LayoutManager] Layout pass finished in "00:00:00.0000413"
[2025-07-28 00:14:02.449] [INF] [] [Layout] [Avalonia.Layout.LayoutManager] Started layout pass. To measure: 0 To arrange: 0
[2025-07-28 00:14:02.450] [INF] [] [Layout] [Avalonia.Layout.LayoutManager] Layout pass finished in "00:00:00.0000021"
[2025-07-28 00:14:02.471] [INF] [] [Layout] [Avalonia.Layout.LayoutManager] Started layout pass. To measure: 13 To arrange: 0
[2025-07-28 00:14:02.473] [INF] [] [Layout] [Avalonia.Layout.LayoutManager] Layout pass finished in "00:00:00.0000761"
[2025-07-28 00:14:02.492] [INF] [] [Layout] [Avalonia.Layout.LayoutManager] Started layout pass. To measure: 1 To arrange: 0
[2025-07-28 00:14:02.494] [INF] [] [Layout] [Avalonia.Layout.LayoutManager] Layout pass finished in "00:00:00.0003681"
[2025-07-28 00:14:02.501] [INF] [] [Layout] [Avalonia.Layout.LayoutManager] Started layout pass. To measure: 5 To arrange: 1
[2025-07-28 00:14:02.503] [INF] [] [Layout] [Avalonia.Layout.LayoutManager] Layout pass finished in "00:00:00.0001905"
[2025-07-28 00:14:02.504] [INF] [] [Layout] [Avalonia.Layout.LayoutManager] Started layout pass. To measure: 4 To arrange: 0
[2025-07-28 00:14:02.506] [INF] [] [Layout] [Avalonia.Layout.LayoutManager] Layout pass finished in "00:00:00.0000987"
[2025-07-28 00:14:05.645] [INF] [] [Layout] [Avalonia.Layout.LayoutManager] Started layout pass. To measure: 1 To arrange: 0
[2025-07-28 00:14:05.700] [INF] [] [Layout] [Avalonia.Layout.LayoutManager] Layout pass finished in "00:00:00.0494224"
[2025-07-28 00:14:06.109] [INF] [] [Layout] [Avalonia.Layout.LayoutManager] Started layout pass. To measure: 1 To arrange: 0
[2025-07-28 00:14:06.111] [INF] [] [Layout] [Avalonia.Layout.LayoutManager] Layout pass finished in "00:00:00.0000247"
[2025-07-28 00:14:06.429] [INF] [] [Layout] [Avalonia.Layout.LayoutManager] Started layout pass. To measure: 1 To arrange: 0
[2025-07-28 00:14:06.431] [INF] [] [Layout] [Avalonia.Layout.LayoutManager] Layout pass finished in "00:00:00.0000190"
[2025-07-28 00:14:06.576] [INF] [] [Layout] [Avalonia.Layout.LayoutManager] Started layout pass. To measure: 4 To arrange: 1
[2025-07-28 00:14:06.577] [INF] [] [Layout] [Avalonia.Layout.LayoutManager] Layout pass finished in "00:00:00.0001468"
[2025-07-28 00:14:06.813] [INF] [] [Layout] [Avalonia.Layout.LayoutManager] Started layout pass. To measure: 2 To arrange: 0
[2025-07-28 00:14:06.815] [INF] [] [Layout] [Avalonia.Layout.LayoutManager] Layout pass finished in "00:00:00.0000659"
[2025-07-28 00:14:06.820] [INF] [] [Layout] [Avalonia.Layout.LayoutManager] Started layout pass. To measure: 1 To arrange: 0
[2025-07-28 00:14:06.826] [INF] [] [Layout] [Avalonia.Layout.LayoutManager] Layout pass finished in "00:00:00.0000604"
[2025-07-28 00:14:06.898] [INF] [] [Layout] [Avalonia.Layout.LayoutManager] Started layout pass. To measure: 1 To arrange: 0
[2025-07-28 00:14:06.899] [INF] [] [Layout] [Avalonia.Layout.LayoutManager] Layout pass finished in "00:00:00.0000524"
[2025-07-28 00:14:07.327] [INF] [] [Layout] [Avalonia.Layout.LayoutManager] Started layout pass. To measure: 1 To arrange: 0
[2025-07-28 00:14:07.329] [INF] [] [Layout] [Avalonia.Layout.LayoutManager] Layout pass finished in "00:00:00.0000114"
[2025-07-28 00:14:08.727] [INF] [] [Layout] [Avalonia.Layout.LayoutManager] Started layout pass. To measure: 1 To arrange: 0
[2025-07-28 00:14:08.729] [INF] [] [Layout] [Avalonia.Layout.LayoutManager] Layout pass finished in "00:00:00.0000473"
[2025-07-28 16:38:14.355] [DBG] [] Adding embedded font collection...
[2025-07-28 16:38:14.382] [DBG] [] Embedded font collection added successfully
[2025-07-28 16:38:14.466] [INF] [] Application framework initialization starting
[2025-07-28 16:38:14.712] [DBG] [] Creating splash screen
[2025-07-28 16:38:14.938] [INF] [] [Layout] [Avalonia.Layout.LayoutManager] Started layout pass. To measure: 0 To arrange: 0
[2025-07-28 16:38:14.943] [INF] [] [Layout] [Avalonia.Layout.LayoutManager] Layout pass finished in "00:00:00.0015984"
[2025-07-28 16:38:15.090] [INF] [] [Layout] [Avalonia.Layout.LayoutManager] Started layout pass. To measure: 3 To arrange: 0
[2025-07-28 16:38:15.093] [INF] [] [Layout] [Avalonia.Layout.LayoutManager] Layout pass finished in "00:00:00.0010393"
[2025-07-28 16:38:16.129] [DBG] [] Checking server availability
[2025-07-28 16:38:16.224] [INF] [] [Layout] [Avalonia.Layout.LayoutManager] Started layout pass. To measure: 1 To arrange: 0
[2025-07-28 16:38:16.226] [INF] [] [Layout] [Avalonia.Layout.LayoutManager] Layout pass finished in "00:00:00.0006840"
[2025-07-28 16:38:18.452] [INF] [] [Layout] [Avalonia.Layout.LayoutManager] Started layout pass. To measure: 1 To arrange: 0
[2025-07-28 16:38:18.454] [INF] [] [Layout] [Avalonia.Layout.LayoutManager] Layout pass finished in "00:00:00.0004743"
[2025-07-28 16:38:21.485] [DBG] [] Splash screen closed
[2025-07-28 16:38:21.487] [DBG] [] Creating authentication window
[2025-07-28 16:38:21.670] [INF] [] [Layout] [Avalonia.Layout.LayoutManager] Started layout pass. To measure: 0 To arrange: 0
[2025-07-28 16:38:21.672] [INF] [] [Layout] [Avalonia.Layout.LayoutManager] Layout pass finished in "00:00:00.0000026"
[2025-07-28 16:38:21.863] [INF] [] [Layout] [Avalonia.Layout.LayoutManager] Started layout pass. To measure: 2 To arrange: 0
[2025-07-28 16:38:21.865] [INF] [] [Layout] [Avalonia.Layout.LayoutManager] Layout pass finished in "00:00:00.0000089"
[2025-07-28 16:38:21.870] [INF] [] [Layout] [Avalonia.Layout.LayoutManager] Started layout pass. To measure: 1 To arrange: 0
[2025-07-28 16:38:21.872] [INF] [] [Layout] [Avalonia.Layout.LayoutManager] Layout pass finished in "00:00:00.0007276"
[2025-07-28 16:38:21.885] [INF] [] [Layout] [Avalonia.Layout.LayoutManager] Started layout pass. To measure: 4 To arrange: 0
[2025-07-28 16:38:21.887] [INF] [] [Layout] [Avalonia.Layout.LayoutManager] Layout pass finished in "00:00:00.0002545"
[2025-07-28 16:38:22.832] [INF] [] [Layout] [Avalonia.Layout.LayoutManager] Started layout pass. To measure: 4 To arrange: 0
[2025-07-28 16:38:22.836] [INF] [] [Layout] [Avalonia.Layout.LayoutManager] Layout pass finished in "00:00:00.0004657"
[2025-07-28 16:39:45.399] [DBG] [] Adding embedded font collection...
[2025-07-28 16:39:45.421] [DBG] [] Embedded font collection added successfully
[2025-07-28 16:39:45.471] [INF] [] Application framework initialization starting
[2025-07-28 16:39:45.659] [DBG] [] Creating splash screen
[2025-07-28 16:39:45.882] [INF] [] [Layout] [Avalonia.Layout.LayoutManager] Started layout pass. To measure: 0 To arrange: 0
[2025-07-28 16:39:45.888] [INF] [] [Layout] [Avalonia.Layout.LayoutManager] Layout pass finished in "00:00:00.0024721"
[2025-07-28 16:39:46.000] [INF] [] [Layout] [Avalonia.Layout.LayoutManager] Started layout pass. To measure: 3 To arrange: 0
[2025-07-28 16:39:46.002] [INF] [] [Layout] [Avalonia.Layout.LayoutManager] Layout pass finished in "00:00:00.0010872"
[2025-07-28 16:41:38.009] [DBG] [] Adding embedded font collection...
[2025-07-28 16:41:38.030] [DBG] [] Embedded font collection added successfully
[2025-07-28 16:41:38.052] [INF] [] Application framework initialization starting
[2025-07-28 16:41:38.250] [DBG] [] Creating splash screen
[2025-07-28 16:41:38.464] [INF] [] [Layout] [Avalonia.Layout.LayoutManager] Started layout pass. To measure: 0 To arrange: 0
[2025-07-28 16:41:38.469] [INF] [] [Layout] [Avalonia.Layout.LayoutManager] Layout pass finished in "00:00:00.0024277"
[2025-07-28 16:41:38.552] [INF] [] [Layout] [Avalonia.Layout.LayoutManager] Started layout pass. To measure: 3 To arrange: 0
[2025-07-28 16:41:38.554] [INF] [] [Layout] [Avalonia.Layout.LayoutManager] Layout pass finished in "00:00:00.0007055"
[2025-07-28 16:45:40.647] [DBG] [] Adding embedded font collection...
[2025-07-28 16:45:40.669] [DBG] [] Embedded font collection added successfully
[2025-07-28 16:45:40.700] [INF] [] Application framework initialization starting
[2025-07-28 16:45:40.870] [DBG] [] Creating splash screen
[2025-07-28 16:45:41.062] [INF] [] [Layout] [Avalonia.Layout.LayoutManager] Started layout pass. To measure: 0 To arrange: 0
[2025-07-28 16:45:41.068] [INF] [] [Layout] [Avalonia.Layout.LayoutManager] Layout pass finished in "00:00:00.0023594"
[2025-07-28 16:45:41.177] [INF] [] [Layout] [Avalonia.Layout.LayoutManager] Started layout pass. To measure: 3 To arrange: 0
[2025-07-28 16:45:41.179] [INF] [] [Layout] [Avalonia.Layout.LayoutManager] Layout pass finished in "00:00:00.0006693"
[2025-07-28 16:45:42.209] [DBG] [] Checking server availability
[2025-07-28 16:45:42.308] [INF] [] [Layout] [Avalonia.Layout.LayoutManager] Started layout pass. To measure: 1 To arrange: 0
[2025-07-28 16:45:42.311] [INF] [] [Layout] [Avalonia.Layout.LayoutManager] Layout pass finished in "00:00:00.0005999"
[2025-07-28 16:45:44.462] [INF] [] [Layout] [Avalonia.Layout.LayoutManager] Started layout pass. To measure: 1 To arrange: 0
[2025-07-28 16:45:44.465] [INF] [] [Layout] [Avalonia.Layout.LayoutManager] Layout pass finished in "00:00:00.0005800"
[2025-07-28 16:45:47.514] [DBG] [] Splash screen closed
[2025-07-28 16:45:47.517] [DBG] [] Creating authentication window
[2025-07-28 16:45:47.618] [INF] [] [Layout] [Avalonia.Layout.LayoutManager] Started layout pass. To measure: 0 To arrange: 0
[2025-07-28 16:45:47.620] [INF] [] [Layout] [Avalonia.Layout.LayoutManager] Layout pass finished in "00:00:00.0000030"
[2025-07-28 16:45:47.781] [INF] [] [Layout] [Avalonia.Layout.LayoutManager] Started layout pass. To measure: 2 To arrange: 0
[2025-07-28 16:45:47.782] [INF] [] [Layout] [Avalonia.Layout.LayoutManager] Layout pass finished in "00:00:00.0000092"
[2025-07-28 16:45:47.787] [INF] [] [Layout] [Avalonia.Layout.LayoutManager] Started layout pass. To measure: 1 To arrange: 0
[2025-07-28 16:45:47.789] [INF] [] [Layout] [Avalonia.Layout.LayoutManager] Layout pass finished in "00:00:00.0007118"
[2025-07-28 16:45:47.803] [INF] [] [Layout] [Avalonia.Layout.LayoutManager] Started layout pass. To measure: 4 To arrange: 0
[2025-07-28 16:45:47.805] [INF] [] [Layout] [Avalonia.Layout.LayoutManager] Layout pass finished in "00:00:00.0003382"
[2025-07-28 16:45:47.937] [INF] [] [Layout] [Avalonia.Layout.LayoutManager] Started layout pass. To measure: 4 To arrange: 0
[2025-07-28 16:45:47.940] [INF] [] [Layout] [Avalonia.Layout.LayoutManager] Layout pass finished in "00:00:00.0002310"
[2025-07-28 16:46:03.654] [INF] [] [Layout] [Avalonia.Layout.LayoutManager] Started layout pass. To measure: 4 To arrange: 0
[2025-07-28 16:46:03.657] [INF] [] [Layout] [Avalonia.Layout.LayoutManager] Layout pass finished in "00:00:00.0003910"
[2025-07-28 16:46:05.171] [INF] [] [Layout] [Avalonia.Layout.LayoutManager] Started layout pass. To measure: 6 To arrange: 0
[2025-07-28 16:46:05.175] [INF] [] [Layout] [Avalonia.Layout.LayoutManager] Layout pass finished in "00:00:00.0022055"
[2025-07-28 16:46:05.478] [INF] [] [Layout] [Avalonia.Layout.LayoutManager] Started layout pass. To measure: 4 To arrange: 0
[2025-07-28 16:46:05.480] [INF] [] [Layout] [Avalonia.Layout.LayoutManager] Layout pass finished in "00:00:00.0003067"
[2025-07-28 16:46:12.413] [INF] [] [Layout] [Avalonia.Layout.LayoutManager] Started layout pass. To measure: 4 To arrange: 0
[2025-07-28 16:46:12.415] [INF] [] [Layout] [Avalonia.Layout.LayoutManager] Layout pass finished in "00:00:00.0004749"
[2025-07-28 16:46:18.280] [INF] [] [Layout] [Avalonia.Layout.LayoutManager] Started layout pass. To measure: 4 To arrange: 0
[2025-07-28 16:46:18.283] [INF] [] [Layout] [Avalonia.Layout.LayoutManager] Layout pass finished in "00:00:00.0004251"
[2025-07-28 16:46:25.286] [INF] [] [Layout] [Avalonia.Layout.LayoutManager] Started layout pass. To measure: 4 To arrange: 0
[2025-07-28 16:46:25.289] [INF] [] [Layout] [Avalonia.Layout.LayoutManager] Layout pass finished in "00:00:00.0004032"
[2025-07-28 16:46:25.943] [INF] [] [Layout] [Avalonia.Layout.LayoutManager] Started layout pass. To measure: 2 To arrange: 0
[2025-07-28 16:46:25.945] [INF] [] [Layout] [Avalonia.Layout.LayoutManager] Layout pass finished in "00:00:00.0000228"
[2025-07-28 16:46:25.954] [INF] [] [Layout] [Avalonia.Layout.LayoutManager] Started layout pass. To measure: 4 To arrange: 0
[2025-07-28 16:46:25.955] [INF] [] [Layout] [Avalonia.Layout.LayoutManager] Layout pass finished in "00:00:00.0002005"
[2025-07-28 16:46:28.975] [DBG] [] Auth window closed with result: false
[2025-07-28 16:46:28.976] [INF] [] Authentication failed or cancelled
[2025-07-28 16:46:28.983] [INF] [] Avalonia application completed with exit code: 0
[2025-07-28 16:46:28.985] [INF] [] === APPLICATION SHUTDOWN INITIATED ===
[2025-07-28 16:46:28.987] [INF] [] Closing and flushing logs...
[2025-07-28 18:00:56.545] [DBG] [] Adding embedded font collection...
[2025-07-28 18:00:56.572] [DBG] [] Embedded font collection added successfully
[2025-07-28 18:00:56.635] [INF] [] Application framework initialization starting
[2025-07-28 18:00:56.867] [DBG] [] Creating splash screen
[2025-07-28 18:00:57.088] [INF] [] [Layout] [Avalonia.Layout.LayoutManager] Started layout pass. To measure: 0 To arrange: 0
[2025-07-28 18:00:57.092] [INF] [] [Layout] [Avalonia.Layout.LayoutManager] Layout pass finished in "00:00:00.0016949"
[2025-07-28 18:00:57.191] [INF] [] [Layout] [Avalonia.Layout.LayoutManager] Started layout pass. To measure: 3 To arrange: 0
[2025-07-28 18:00:57.193] [INF] [] [Layout] [Avalonia.Layout.LayoutManager] Layout pass finished in "00:00:00.0009229"
[2025-07-28 18:00:58.221] [DBG] [] Checking server availability
[2025-07-28 18:00:58.332] [INF] [] [Layout] [Avalonia.Layout.LayoutManager] Started layout pass. To measure: 1 To arrange: 0
[2025-07-28 18:00:58.335] [INF] [] [Layout] [Avalonia.Layout.LayoutManager] Layout pass finished in "00:00:00.0005406"
[2025-07-28 18:01:00.508] [INF] [] [Layout] [Avalonia.Layout.LayoutManager] Started layout pass. To measure: 1 To arrange: 0
[2025-07-28 18:01:00.511] [INF] [] [Layout] [Avalonia.Layout.LayoutManager] Layout pass finished in "00:00:00.0003453"
[2025-07-28 18:01:03.553] [DBG] [] Splash screen closed
[2025-07-28 18:01:03.555] [DBG] [] Creating authentication window
[2025-07-28 18:01:03.707] [INF] [] [Layout] [Avalonia.Layout.LayoutManager] Started layout pass. To measure: 0 To arrange: 0
[2025-07-28 18:01:03.708] [INF] [] [Layout] [Avalonia.Layout.LayoutManager] Layout pass finished in "00:00:00.0000032"
[2025-07-28 18:01:03.872] [INF] [] [Layout] [Avalonia.Layout.LayoutManager] Started layout pass. To measure: 2 To arrange: 0
[2025-07-28 18:01:03.873] [INF] [] [Layout] [Avalonia.Layout.LayoutManager] Layout pass finished in "00:00:00.0000098"
[2025-07-28 18:01:03.878] [INF] [] [Layout] [Avalonia.Layout.LayoutManager] Started layout pass. To measure: 1 To arrange: 0
[2025-07-28 18:01:03.880] [INF] [] [Layout] [Avalonia.Layout.LayoutManager] Layout pass finished in "00:00:00.0007203"
[2025-07-28 18:01:03.895] [INF] [] [Layout] [Avalonia.Layout.LayoutManager] Started layout pass. To measure: 4 To arrange: 0
[2025-07-28 18:01:03.896] [INF] [] [Layout] [Avalonia.Layout.LayoutManager] Layout pass finished in "00:00:00.0002410"
[2025-07-28 18:01:05.512] [INF] [] [Layout] [Avalonia.Layout.LayoutManager] Started layout pass. To measure: 4 To arrange: 0
[2025-07-28 18:01:05.515] [INF] [] [Layout] [Avalonia.Layout.LayoutManager] Layout pass finished in "00:00:00.0003725"
[2025-07-28 18:01:49.695] [INF] [] [Layout] [Avalonia.Layout.LayoutManager] Started layout pass. To measure: 4 To arrange: 0
[2025-07-28 18:01:49.698] [INF] [] [Layout] [Avalonia.Layout.LayoutManager] Layout pass finished in "00:00:00.0002855"
[2025-07-28 18:01:50.806] [INF] [] [Layout] [Avalonia.Layout.LayoutManager] Started layout pass. To measure: 4 To arrange: 0
[2025-07-28 18:01:50.811] [INF] [] [Layout] [Avalonia.Layout.LayoutManager] Layout pass finished in "00:00:00.0006350"
[2025-07-28 18:04:26.531] [DBG] [] Adding embedded font collection...
[2025-07-28 18:04:26.548] [DBG] [] Embedded font collection added successfully
[2025-07-28 18:04:26.569] [INF] [] Application framework initialization starting
[2025-07-28 18:04:26.764] [DBG] [] Creating splash screen
[2025-07-28 18:04:26.969] [INF] [] [Layout] [Avalonia.Layout.LayoutManager] Started layout pass. To measure: 0 To arrange: 0
[2025-07-28 18:04:26.973] [INF] [] [Layout] [Avalonia.Layout.LayoutManager] Layout pass finished in "00:00:00.0021941"
[2025-07-28 18:04:27.061] [INF] [] [Layout] [Avalonia.Layout.LayoutManager] Started layout pass. To measure: 3 To arrange: 0
[2025-07-28 18:04:27.063] [INF] [] [Layout] [Avalonia.Layout.LayoutManager] Layout pass finished in "00:00:00.0008396"
[2025-07-28 18:04:28.090] [DBG] [] Checking server availability
[2025-07-28 18:04:28.185] [INF] [] [Layout] [Avalonia.Layout.LayoutManager] Started layout pass. To measure: 1 To arrange: 0
[2025-07-28 18:04:28.187] [INF] [] [Layout] [Avalonia.Layout.LayoutManager] Layout pass finished in "00:00:00.0006980"
[2025-07-28 18:04:30.386] [INF] [] [Layout] [Avalonia.Layout.LayoutManager] Started layout pass. To measure: 1 To arrange: 0
[2025-07-28 18:04:30.390] [INF] [] [Layout] [Avalonia.Layout.LayoutManager] Layout pass finished in "00:00:00.0004087"
[2025-07-28 18:04:33.430] [DBG] [] Splash screen closed
[2025-07-28 18:04:33.432] [DBG] [] Creating authentication window
[2025-07-28 18:04:33.525] [INF] [] [Layout] [Avalonia.Layout.LayoutManager] Started layout pass. To measure: 0 To arrange: 0
[2025-07-28 18:04:33.531] [INF] [] [Layout] [Avalonia.Layout.LayoutManager] Layout pass finished in "00:00:00.0000062"
[2025-07-28 18:04:33.716] [INF] [] [Layout] [Avalonia.Layout.LayoutManager] Started layout pass. To measure: 2 To arrange: 0
[2025-07-28 18:04:33.718] [INF] [] [Layout] [Avalonia.Layout.LayoutManager] Layout pass finished in "00:00:00.0000098"
[2025-07-28 18:04:33.723] [INF] [] [Layout] [Avalonia.Layout.LayoutManager] Started layout pass. To measure: 1 To arrange: 0
[2025-07-28 18:04:33.726] [INF] [] [Layout] [Avalonia.Layout.LayoutManager] Layout pass finished in "00:00:00.0008282"
[2025-07-28 18:04:33.741] [INF] [] [Layout] [Avalonia.Layout.LayoutManager] Started layout pass. To measure: 4 To arrange: 0
[2025-07-28 18:04:33.744] [INF] [] [Layout] [Avalonia.Layout.LayoutManager] Layout pass finished in "00:00:00.0004059"
[2025-07-28 18:04:34.388] [INF] [] [Layout] [Avalonia.Layout.LayoutManager] Started layout pass. To measure: 4 To arrange: 0
[2025-07-28 18:04:34.391] [INF] [] [Layout] [Avalonia.Layout.LayoutManager] Layout pass finished in "00:00:00.0005715"
[2025-07-28 18:04:58.648] [INF] [] [Layout] [Avalonia.Layout.LayoutManager] Started layout pass. To measure: 4 To arrange: 0
[2025-07-28 18:04:58.651] [INF] [] [Layout] [Avalonia.Layout.LayoutManager] Layout pass finished in "00:00:00.0005688"
[2025-07-28 18:04:59.470] [INF] [] [Layout] [Avalonia.Layout.LayoutManager] Started layout pass. To measure: 4 To arrange: 0
[2025-07-28 18:04:59.472] [INF] [] [Layout] [Avalonia.Layout.LayoutManager] Layout pass finished in "00:00:00.0002519"
[2025-07-28 18:06:16.408] [DBG] [] Adding embedded font collection...
[2025-07-28 18:06:16.426] [DBG] [] Embedded font collection added successfully
[2025-07-28 18:06:16.447] [INF] [] Application framework initialization starting
[2025-07-28 18:06:16.661] [DBG] [] Creating splash screen
[2025-07-28 18:06:16.855] [INF] [] [Layout] [Avalonia.Layout.LayoutManager] Started layout pass. To measure: 0 To arrange: 0
[2025-07-28 18:06:16.860] [INF] [] [Layout] [Avalonia.Layout.LayoutManager] Layout pass finished in "00:00:00.0017324"
[2025-07-28 18:06:17.000] [INF] [] [Layout] [Avalonia.Layout.LayoutManager] Started layout pass. To measure: 3 To arrange: 0
[2025-07-28 18:06:17.005] [INF] [] [Layout] [Avalonia.Layout.LayoutManager] Layout pass finished in "00:00:00.0011593"
[2025-07-28 18:06:18.080] [DBG] [] Checking server availability
[2025-07-28 18:06:18.282] [INF] [] [Layout] [Avalonia.Layout.LayoutManager] Started layout pass. To measure: 1 To arrange: 0
[2025-07-28 18:06:18.317] [INF] [] [Layout] [Avalonia.Layout.LayoutManager] Layout pass finished in "00:00:00.0007292"
[2025-07-28 18:06:20.481] [INF] [] [Layout] [Avalonia.Layout.LayoutManager] Started layout pass. To measure: 1 To arrange: 0
[2025-07-28 18:06:20.483] [INF] [] [Layout] [Avalonia.Layout.LayoutManager] Layout pass finished in "00:00:00.0005207"
[2025-07-28 18:06:23.513] [DBG] [] Splash screen closed
[2025-07-28 18:06:23.514] [DBG] [] Creating authentication window
[2025-07-28 18:06:23.596] [INF] [] [Layout] [Avalonia.Layout.LayoutManager] Started layout pass. To measure: 0 To arrange: 0
[2025-07-28 18:06:23.597] [INF] [] [Layout] [Avalonia.Layout.LayoutManager] Layout pass finished in "00:00:00.0000029"
[2025-07-28 18:06:23.763] [INF] [] [Layout] [Avalonia.Layout.LayoutManager] Started layout pass. To measure: 2 To arrange: 0
[2025-07-28 18:06:23.765] [INF] [] [Layout] [Avalonia.Layout.LayoutManager] Layout pass finished in "00:00:00.0000089"
[2025-07-28 18:06:23.769] [INF] [] [Layout] [Avalonia.Layout.LayoutManager] Started layout pass. To measure: 1 To arrange: 0
[2025-07-28 18:06:23.771] [INF] [] [Layout] [Avalonia.Layout.LayoutManager] Layout pass finished in "00:00:00.0006757"
[2025-07-28 18:06:23.786] [INF] [] [Layout] [Avalonia.Layout.LayoutManager] Started layout pass. To measure: 4 To arrange: 0
[2025-07-28 18:06:23.788] [INF] [] [Layout] [Avalonia.Layout.LayoutManager] Layout pass finished in "00:00:00.0003993"
[2025-07-28 18:06:24.360] [INF] [] [Layout] [Avalonia.Layout.LayoutManager] Started layout pass. To measure: 4 To arrange: 0
[2025-07-28 18:06:24.361] [INF] [] [Layout] [Avalonia.Layout.LayoutManager] Layout pass finished in "00:00:00.0002517"
[2025-07-28 18:06:30.727] [INF] [] [Layout] [Avalonia.Layout.LayoutManager] Started layout pass. To measure: 4 To arrange: 0
[2025-07-28 18:06:30.729] [INF] [] [Layout] [Avalonia.Layout.LayoutManager] Layout pass finished in "00:00:00.0003134"
[2025-07-28 18:06:31.119] [INF] [] [Layout] [Avalonia.Layout.LayoutManager] Started layout pass. To measure: 4 To arrange: 0
[2025-07-28 18:06:31.122] [INF] [] [Layout] [Avalonia.Layout.LayoutManager] Layout pass finished in "00:00:00.0007484"
[2025-07-28 18:07:02.072] [DBG] [] Adding embedded font collection...
[2025-07-28 18:07:02.092] [DBG] [] Embedded font collection added successfully
[2025-07-28 18:07:02.114] [INF] [] Application framework initialization starting
[2025-07-28 18:07:02.274] [DBG] [] Creating splash screen
[2025-07-28 18:07:02.458] [INF] [] [Layout] [Avalonia.Layout.LayoutManager] Started layout pass. To measure: 0 To arrange: 0
[2025-07-28 18:07:02.462] [INF] [] [Layout] [Avalonia.Layout.LayoutManager] Layout pass finished in "00:00:00.0016509"
[2025-07-28 18:07:02.547] [INF] [] [Layout] [Avalonia.Layout.LayoutManager] Started layout pass. To measure: 3 To arrange: 0
[2025-07-28 18:07:02.549] [INF] [] [Layout] [Avalonia.Layout.LayoutManager] Layout pass finished in "00:00:00.0007694"
[2025-07-28 18:07:03.580] [DBG] [] Checking server availability
[2025-07-28 18:07:03.709] [INF] [] [Layout] [Avalonia.Layout.LayoutManager] Started layout pass. To measure: 1 To arrange: 0
[2025-07-28 18:07:03.711] [INF] [] [Layout] [Avalonia.Layout.LayoutManager] Layout pass finished in "00:00:00.0008420"
[2025-07-28 18:07:05.933] [INF] [] [Layout] [Avalonia.Layout.LayoutManager] Started layout pass. To measure: 1 To arrange: 0
[2025-07-28 18:07:05.936] [INF] [] [Layout] [Avalonia.Layout.LayoutManager] Layout pass finished in "00:00:00.0006040"
[2025-07-28 18:07:08.977] [DBG] [] Splash screen closed
[2025-07-28 18:07:08.978] [DBG] [] Creating authentication window
[2025-07-28 18:07:09.060] [INF] [] [Layout] [Avalonia.Layout.LayoutManager] Started layout pass. To measure: 0 To arrange: 0
[2025-07-28 18:07:09.061] [INF] [] [Layout] [Avalonia.Layout.LayoutManager] Layout pass finished in "00:00:00.0000034"
[2025-07-28 18:07:09.240] [INF] [] [Layout] [Avalonia.Layout.LayoutManager] Started layout pass. To measure: 2 To arrange: 0
[2025-07-28 18:07:09.242] [INF] [] [Layout] [Avalonia.Layout.LayoutManager] Layout pass finished in "00:00:00.0000101"
[2025-07-28 18:07:09.248] [INF] [] [Layout] [Avalonia.Layout.LayoutManager] Started layout pass. To measure: 1 To arrange: 0
[2025-07-28 18:07:09.250] [INF] [] [Layout] [Avalonia.Layout.LayoutManager] Layout pass finished in "00:00:00.0007181"
[2025-07-28 18:07:09.268] [INF] [] [Layout] [Avalonia.Layout.LayoutManager] Started layout pass. To measure: 4 To arrange: 0
[2025-07-28 18:07:09.270] [INF] [] [Layout] [Avalonia.Layout.LayoutManager] Layout pass finished in "00:00:00.0002519"
[2025-07-28 18:07:09.781] [INF] [] [Layout] [Avalonia.Layout.LayoutManager] Started layout pass. To measure: 4 To arrange: 0
[2025-07-28 18:07:09.783] [INF] [] [Layout] [Avalonia.Layout.LayoutManager] Layout pass finished in "00:00:00.0002964"
[2025-07-28 18:09:18.283] [INF] [] [Layout] [Avalonia.Layout.LayoutManager] Started layout pass. To measure: 4 To arrange: 0
[2025-07-28 18:09:18.286] [INF] [] [Layout] [Avalonia.Layout.LayoutManager] Layout pass finished in "00:00:00.0006472"
[2025-07-28 18:09:19.594] [INF] [] [Layout] [Avalonia.Layout.LayoutManager] Started layout pass. To measure: 4 To arrange: 0
[2025-07-28 18:09:19.596] [INF] [] [Layout] [Avalonia.Layout.LayoutManager] Layout pass finished in "00:00:00.0003877"
[2025-07-28 18:09:42.778] [INF] [] [Layout] [Avalonia.Layout.LayoutManager] Started layout pass. To measure: 4 To arrange: 0
[2025-07-28 18:09:42.780] [INF] [] [Layout] [Avalonia.Layout.LayoutManager] Layout pass finished in "00:00:00.0003451"
[2025-07-28 18:09:43.631] [INF] [] [Layout] [Avalonia.Layout.LayoutManager] Started layout pass. To measure: 4 To arrange: 0
[2025-07-28 18:09:43.635] [INF] [] [Layout] [Avalonia.Layout.LayoutManager] Layout pass finished in "00:00:00.0006322"
[2025-07-28 18:09:44.486] [INF] [] [Layout] [Avalonia.Layout.LayoutManager] Started layout pass. To measure: 4 To arrange: 0
[2025-07-28 18:09:44.488] [INF] [] [Layout] [Avalonia.Layout.LayoutManager] Layout pass finished in "00:00:00.0003709"
[2025-07-28 18:09:45.118] [INF] [] [Layout] [Avalonia.Layout.LayoutManager] Started layout pass. To measure: 4 To arrange: 0
[2025-07-28 18:09:45.119] [INF] [] [Layout] [Avalonia.Layout.LayoutManager] Layout pass finished in "00:00:00.0003003"
[2025-07-28 18:23:46.569] [DBG] [] Adding embedded font collection...
[2025-07-28 18:23:46.590] [DBG] [] Embedded font collection added successfully
[2025-07-28 18:23:46.640] [INF] [] Application framework initialization starting
[2025-07-28 18:23:46.852] [DBG] [] Creating splash screen
[2025-07-28 18:23:47.034] [INF] [] [Layout] [Avalonia.Layout.LayoutManager] Started layout pass. To measure: 0 To arrange: 0
[2025-07-28 18:23:47.038] [INF] [] [Layout] [Avalonia.Layout.LayoutManager] Layout pass finished in "00:00:00.0015633"
[2025-07-28 18:23:47.124] [INF] [] [Layout] [Avalonia.Layout.LayoutManager] Started layout pass. To measure: 3 To arrange: 0
[2025-07-28 18:23:47.127] [INF] [] [Layout] [Avalonia.Layout.LayoutManager] Layout pass finished in "00:00:00.0008097"
[2025-07-28 18:23:48.167] [DBG] [] Checking server availability
[2025-07-28 18:23:48.264] [INF] [] [Layout] [Avalonia.Layout.LayoutManager] Started layout pass. To measure: 1 To arrange: 0
[2025-07-28 18:23:48.267] [INF] [] [Layout] [Avalonia.Layout.LayoutManager] Layout pass finished in "00:00:00.0005683"
[2025-07-28 18:23:50.459] [INF] [] [Layout] [Avalonia.Layout.LayoutManager] Started layout pass. To measure: 1 To arrange: 0
[2025-07-28 18:23:50.461] [INF] [] [Layout] [Avalonia.Layout.LayoutManager] Layout pass finished in "00:00:00.0003564"
[2025-07-28 18:23:53.496] [DBG] [] Splash screen closed
[2025-07-28 18:23:53.497] [DBG] [] Creating authentication window
[2025-07-28 18:23:53.577] [INF] [] [Layout] [Avalonia.Layout.LayoutManager] Started layout pass. To measure: 0 To arrange: 0
[2025-07-28 18:23:53.579] [INF] [] [Layout] [Avalonia.Layout.LayoutManager] Layout pass finished in "00:00:00.0000028"
[2025-07-28 18:23:53.746] [INF] [] [Layout] [Avalonia.Layout.LayoutManager] Started layout pass. To measure: 2 To arrange: 0
[2025-07-28 18:23:53.748] [INF] [] [Layout] [Avalonia.Layout.LayoutManager] Layout pass finished in "00:00:00.0000139"
[2025-07-28 18:23:53.754] [INF] [] [Layout] [Avalonia.Layout.LayoutManager] Started layout pass. To measure: 1 To arrange: 0
[2025-07-28 18:23:53.757] [INF] [] [Layout] [Avalonia.Layout.LayoutManager] Layout pass finished in "00:00:00.0008796"
[2025-07-28 18:23:53.773] [INF] [] [Layout] [Avalonia.Layout.LayoutManager] Started layout pass. To measure: 4 To arrange: 0
[2025-07-28 18:23:53.776] [INF] [] [Layout] [Avalonia.Layout.LayoutManager] Layout pass finished in "00:00:00.0003288"
[2025-07-28 18:23:54.470] [INF] [] [Layout] [Avalonia.Layout.LayoutManager] Started layout pass. To measure: 4 To arrange: 0
[2025-07-28 18:23:54.473] [INF] [] [Layout] [Avalonia.Layout.LayoutManager] Layout pass finished in "00:00:00.0003633"
[2025-07-28 18:25:12.098] [INF] [] [Layout] [Avalonia.Layout.LayoutManager] Started layout pass. To measure: 4 To arrange: 0
[2025-07-28 18:25:12.102] [INF] [] [Layout] [Avalonia.Layout.LayoutManager] Layout pass finished in "00:00:00.0007798"
[2025-07-28 18:25:12.996] [INF] [] [Layout] [Avalonia.Layout.LayoutManager] Started layout pass. To measure: 4 To arrange: 0
[2025-07-28 18:25:12.998] [INF] [] [Layout] [Avalonia.Layout.LayoutManager] Layout pass finished in "00:00:00.0003025"
[2025-07-28 18:25:14.242] [INF] [] [Layout] [Avalonia.Layout.LayoutManager] Started layout pass. To measure: 4 To arrange: 0
[2025-07-28 18:25:14.245] [INF] [] [Layout] [Avalonia.Layout.LayoutManager] Layout pass finished in "00:00:00.0004750"
[2025-07-28 18:25:14.662] [INF] [] [Layout] [Avalonia.Layout.LayoutManager] Started layout pass. To measure: 4 To arrange: 0
[2025-07-28 18:25:14.664] [INF] [] [Layout] [Avalonia.Layout.LayoutManager] Layout pass finished in "00:00:00.0003382"
[2025-07-28 18:35:37.896] [INF] [] [Layout] [Avalonia.Layout.LayoutManager] Started layout pass. To measure: 4 To arrange: 0
[2025-07-28 18:35:37.898] [INF] [] [Layout] [Avalonia.Layout.LayoutManager] Layout pass finished in "00:00:00.0005697"
[2025-07-28 18:35:38.996] [INF] [] [Layout] [Avalonia.Layout.LayoutManager] Started layout pass. To measure: 4 To arrange: 0
[2025-07-28 18:35:38.999] [INF] [] [Layout] [Avalonia.Layout.LayoutManager] Layout pass finished in "00:00:00.0002948"
