[2025-07-27 22:53:40.956] [DBG] [] Adding embedded font collection...
[2025-07-27 22:53:41.093] [DBG] [] Embedded font collection added successfully
[2025-07-27 22:53:41.237] [INF] [] Application framework initialization starting
[2025-07-27 22:53:41.346] [DBG] [] Creating splash screen
[2025-07-27 22:53:41.624] [INF] [] [Layout] [Avalonia.Layout.LayoutManager] Started layout pass. To measure: 0 To arrange: 0
[2025-07-27 22:53:41.629] [INF] [] [Layout] [Avalonia.Layout.LayoutManager] Layout pass finished in "00:00:00.0017876"
[2025-07-27 22:53:41.742] [INF] [] [Layout] [Avalonia.Layout.LayoutManager] Started layout pass. To measure: 3 To arrange: 0
[2025-07-27 22:53:41.745] [INF] [] [Layout] [Avalonia.Layout.LayoutManager] Layout pass finished in "00:00:00.0010405"
[2025-07-27 22:53:42.778] [DBG] [] Checking server availability
[2025-07-27 22:53:42.870] [INF] [] [Layout] [Avalonia.Layout.LayoutManager] Started layout pass. To measure: 1 To arrange: 0
[2025-07-27 22:53:42.873] [INF] [] [Layout] [Avalonia.Layout.LayoutManager] Layout pass finished in "00:00:00.0007370"
[2025-07-27 22:53:45.076] [INF] [] [Layout] [Avalonia.Layout.LayoutManager] Started layout pass. To measure: 1 To arrange: 0
[2025-07-27 22:53:45.079] [INF] [] [Layout] [Avalonia.Layout.LayoutManager] Layout pass finished in "00:00:00.0004973"
[2025-07-27 22:53:48.119] [DBG] [] Splash screen closed
[2025-07-27 22:53:48.121] [DBG] [] Creating authentication window
[2025-07-27 22:53:48.312] [INF] [] [Layout] [Avalonia.Layout.LayoutManager] Started layout pass. To measure: 0 To arrange: 0
[2025-07-27 22:53:48.314] [INF] [] [Layout] [Avalonia.Layout.LayoutManager] Layout pass finished in "00:00:00.0000033"
[2025-07-27 22:53:48.478] [INF] [] [Layout] [Avalonia.Layout.LayoutManager] Started layout pass. To measure: 2 To arrange: 0
[2025-07-27 22:53:48.481] [INF] [] [Layout] [Avalonia.Layout.LayoutManager] Layout pass finished in "00:00:00.0000121"
[2025-07-27 22:53:48.486] [INF] [] [Layout] [Avalonia.Layout.LayoutManager] Started layout pass. To measure: 1 To arrange: 0
[2025-07-27 22:53:48.489] [INF] [] [Layout] [Avalonia.Layout.LayoutManager] Layout pass finished in "00:00:00.0008317"
[2025-07-27 22:53:48.601] [INF] [] [Layout] [Avalonia.Layout.LayoutManager] Started layout pass. To measure: 4 To arrange: 0
[2025-07-27 22:53:48.605] [INF] [] [Layout] [Avalonia.Layout.LayoutManager] Layout pass finished in "00:00:00.0006285"
[2025-07-27 22:53:57.841] [INF] [] [Layout] [Avalonia.Layout.LayoutManager] Started layout pass. To measure: 1 To arrange: 1
[2025-07-27 22:53:57.843] [INF] [] [Layout] [Avalonia.Layout.LayoutManager] Layout pass finished in "00:00:00.0007790"
[2025-07-27 22:53:58.092] [INF] [] [Layout] [Avalonia.Layout.LayoutManager] Started layout pass. To measure: 3 To arrange: 0
[2025-07-27 22:53:58.093] [INF] [] [Layout] [Avalonia.Layout.LayoutManager] Layout pass finished in "00:00:00.0002928"
[2025-07-27 22:53:58.300] [INF] [] [Layout] [Avalonia.Layout.LayoutManager] Started layout pass. To measure: 1 To arrange: 0
[2025-07-27 22:53:58.302] [INF] [] [Layout] [Avalonia.Layout.LayoutManager] Layout pass finished in "00:00:00.0002609"
[2025-07-27 22:53:58.956] [INF] [] [Layout] [Avalonia.Layout.LayoutManager] Started layout pass. To measure: 1 To arrange: 0
[2025-07-27 22:53:58.957] [INF] [] [Layout] [Avalonia.Layout.LayoutManager] Layout pass finished in "00:00:00.0002356"
[2025-07-27 22:53:59.124] [INF] [] [Layout] [Avalonia.Layout.LayoutManager] Started layout pass. To measure: 3 To arrange: 0
[2025-07-27 22:53:59.127] [INF] [] [Layout] [Avalonia.Layout.LayoutManager] Layout pass finished in "00:00:00.0003467"
[2025-07-27 22:54:00.088] [INF] [] [Layout] [Avalonia.Layout.LayoutManager] Started layout pass. To measure: 2 To arrange: 0
[2025-07-27 22:54:00.090] [INF] [] [Layout] [Avalonia.Layout.LayoutManager] Layout pass finished in "00:00:00.0004268"
[2025-07-27 22:54:00.303] [INF] [] [Layout] [Avalonia.Layout.LayoutManager] Started layout pass. To measure: 1 To arrange: 0
[2025-07-27 22:54:00.304] [INF] [] [Layout] [Avalonia.Layout.LayoutManager] Layout pass finished in "00:00:00.0002052"
[2025-07-27 22:54:00.837] [INF] [] [Layout] [Avalonia.Layout.LayoutManager] Started layout pass. To measure: 1 To arrange: 0
[2025-07-27 22:54:00.839] [INF] [] [Layout] [Avalonia.Layout.LayoutManager] Layout pass finished in "00:00:00.0001986"
[2025-07-27 22:54:01.036] [INF] [] [Layout] [Avalonia.Layout.LayoutManager] Started layout pass. To measure: 1 To arrange: 0
[2025-07-27 22:54:01.039] [INF] [] [Layout] [Avalonia.Layout.LayoutManager] Layout pass finished in "00:00:00.0002905"
[2025-07-27 22:54:01.232] [INF] [] [Layout] [Avalonia.Layout.LayoutManager] Started layout pass. To measure: 1 To arrange: 0
[2025-07-27 22:54:01.234] [INF] [] [Layout] [Avalonia.Layout.LayoutManager] Layout pass finished in "00:00:00.0004088"
[2025-07-27 22:54:01.416] [INF] [] [Layout] [Avalonia.Layout.LayoutManager] Started layout pass. To measure: 4 To arrange: 1
[2025-07-27 22:54:01.423] [INF] [] [Layout] [Avalonia.Layout.LayoutManager] Layout pass finished in "00:00:00.0057489"
[2025-07-27 22:54:01.792] [INF] [] [Layout] [Avalonia.Layout.LayoutManager] Started layout pass. To measure: 3 To arrange: 0
[2025-07-27 22:54:01.794] [INF] [] [Layout] [Avalonia.Layout.LayoutManager] Layout pass finished in "00:00:00.0001836"
[2025-07-27 22:54:02.150] [INF] [] [Layout] [Avalonia.Layout.LayoutManager] Started layout pass. To measure: 3 To arrange: 0
[2025-07-27 22:54:02.152] [INF] [] [Layout] [Avalonia.Layout.LayoutManager] Layout pass finished in "00:00:00.0001860"
[2025-07-27 22:54:02.304] [INF] [] [Layout] [Avalonia.Layout.LayoutManager] Started layout pass. To measure: 2 To arrange: 0
[2025-07-27 22:54:02.306] [INF] [] [Layout] [Avalonia.Layout.LayoutManager] Layout pass finished in "00:00:00.0002372"
[2025-07-27 22:54:02.508] [INF] [] [Layout] [Avalonia.Layout.LayoutManager] Started layout pass. To measure: 1 To arrange: 0
[2025-07-27 22:54:02.511] [INF] [] [Layout] [Avalonia.Layout.LayoutManager] Layout pass finished in "00:00:00.0001547"
[2025-07-27 22:54:02.622] [INF] [] [Layout] [Avalonia.Layout.LayoutManager] Started layout pass. To measure: 1 To arrange: 0
[2025-07-27 22:54:02.624] [INF] [] [Layout] [Avalonia.Layout.LayoutManager] Layout pass finished in "00:00:00.0003000"
[2025-07-27 22:54:02.824] [INF] [] [Layout] [Avalonia.Layout.LayoutManager] Started layout pass. To measure: 1 To arrange: 0
[2025-07-27 22:54:02.826] [INF] [] [Layout] [Avalonia.Layout.LayoutManager] Layout pass finished in "00:00:00.0003034"
[2025-07-27 22:54:03.000] [INF] [] [Layout] [Avalonia.Layout.LayoutManager] Started layout pass. To measure: 1 To arrange: 0
[2025-07-27 22:54:03.002] [INF] [] [Layout] [Avalonia.Layout.LayoutManager] Layout pass finished in "00:00:00.0001793"
[2025-07-27 22:54:04.282] [INF] [] [Layout] [Avalonia.Layout.LayoutManager] Started layout pass. To measure: 6 To arrange: 0
[2025-07-27 22:54:04.284] [INF] [] [Layout] [Avalonia.Layout.LayoutManager] Layout pass finished in "00:00:00.0001310"
[2025-07-27 22:54:04.501] [INF] [] [Layout] [Avalonia.Layout.LayoutManager] Started layout pass. To measure: 2 To arrange: 0
[2025-07-27 22:54:04.503] [INF] [] [Layout] [Avalonia.Layout.LayoutManager] Layout pass finished in "00:00:00.0008086"
[2025-07-27 22:54:07.325] [INF] [] Administrator successfully authenticated
[2025-07-27 22:54:07.340] [DBG] [] Auth window closed with result: true
[2025-07-27 22:54:07.342] [INF] [] Authentication successful, initializing main window
[2025-07-27 22:55:33.593] [DBG] [] Adding embedded font collection...
[2025-07-27 22:55:33.612] [DBG] [] Embedded font collection added successfully
[2025-07-27 22:55:33.632] [INF] [] Application framework initialization starting
[2025-07-27 22:55:33.720] [DBG] [] Creating splash screen
[2025-07-27 22:55:33.923] [INF] [] [Layout] [Avalonia.Layout.LayoutManager] Started layout pass. To measure: 0 To arrange: 0
[2025-07-27 22:55:33.927] [INF] [] [Layout] [Avalonia.Layout.LayoutManager] Layout pass finished in "00:00:00.0016269"
[2025-07-27 22:55:34.016] [INF] [] [Layout] [Avalonia.Layout.LayoutManager] Started layout pass. To measure: 3 To arrange: 0
[2025-07-27 22:55:34.019] [INF] [] [Layout] [Avalonia.Layout.LayoutManager] Layout pass finished in "00:00:00.0012788"
[2025-07-27 22:55:35.047] [DBG] [] Checking server availability
[2025-07-27 22:55:35.192] [INF] [] [Layout] [Avalonia.Layout.LayoutManager] Started layout pass. To measure: 1 To arrange: 0
[2025-07-27 22:55:35.194] [INF] [] [Layout] [Avalonia.Layout.LayoutManager] Layout pass finished in "00:00:00.0005477"
[2025-07-27 22:55:37.371] [INF] [] [Layout] [Avalonia.Layout.LayoutManager] Started layout pass. To measure: 1 To arrange: 0
[2025-07-27 22:55:37.374] [INF] [] [Layout] [Avalonia.Layout.LayoutManager] Layout pass finished in "00:00:00.0003803"
[2025-07-27 22:55:40.413] [DBG] [] Splash screen closed
[2025-07-27 22:55:40.414] [DBG] [] Creating authentication window
[2025-07-27 22:55:40.530] [INF] [] [Layout] [Avalonia.Layout.LayoutManager] Started layout pass. To measure: 0 To arrange: 0
[2025-07-27 22:55:40.532] [INF] [] [Layout] [Avalonia.Layout.LayoutManager] Layout pass finished in "00:00:00.0000041"
[2025-07-27 22:55:40.704] [INF] [] [Layout] [Avalonia.Layout.LayoutManager] Started layout pass. To measure: 2 To arrange: 0
[2025-07-27 22:55:40.706] [INF] [] [Layout] [Avalonia.Layout.LayoutManager] Layout pass finished in "00:00:00.0000122"
[2025-07-27 22:55:40.711] [INF] [] [Layout] [Avalonia.Layout.LayoutManager] Started layout pass. To measure: 1 To arrange: 0
[2025-07-27 22:55:40.714] [INF] [] [Layout] [Avalonia.Layout.LayoutManager] Layout pass finished in "00:00:00.0008086"
[2025-07-27 22:55:40.730] [INF] [] [Layout] [Avalonia.Layout.LayoutManager] Started layout pass. To measure: 4 To arrange: 0
[2025-07-27 22:55:40.732] [INF] [] [Layout] [Avalonia.Layout.LayoutManager] Layout pass finished in "00:00:00.0002330"
[2025-07-27 22:55:41.256] [INF] [] [Layout] [Avalonia.Layout.LayoutManager] Started layout pass. To measure: 4 To arrange: 0
[2025-07-27 22:55:41.264] [INF] [] [Layout] [Avalonia.Layout.LayoutManager] Layout pass finished in "00:00:00.0006952"
[2025-07-27 22:55:49.942] [INF] [] [Layout] [Avalonia.Layout.LayoutManager] Started layout pass. To measure: 4 To arrange: 0
[2025-07-27 22:55:49.945] [INF] [] [Layout] [Avalonia.Layout.LayoutManager] Layout pass finished in "00:00:00.0003649"
[2025-07-27 22:55:51.211] [INF] [] [Layout] [Avalonia.Layout.LayoutManager] Started layout pass. To measure: 1 To arrange: 1
[2025-07-27 22:55:51.215] [INF] [] [Layout] [Avalonia.Layout.LayoutManager] Layout pass finished in "00:00:00.0010807"
[2025-07-27 22:55:51.365] [INF] [] [Layout] [Avalonia.Layout.LayoutManager] Started layout pass. To measure: 3 To arrange: 0
[2025-07-27 22:55:51.367] [INF] [] [Layout] [Avalonia.Layout.LayoutManager] Layout pass finished in "00:00:00.0002965"
[2025-07-27 22:55:51.572] [INF] [] [Layout] [Avalonia.Layout.LayoutManager] Started layout pass. To measure: 1 To arrange: 0
[2025-07-27 22:55:51.574] [INF] [] [Layout] [Avalonia.Layout.LayoutManager] Layout pass finished in "00:00:00.0004493"
[2025-07-27 22:55:52.131] [INF] [] [Layout] [Avalonia.Layout.LayoutManager] Started layout pass. To measure: 1 To arrange: 0
[2025-07-27 22:55:52.135] [INF] [] [Layout] [Avalonia.Layout.LayoutManager] Layout pass finished in "00:00:00.0002845"
[2025-07-27 22:55:52.343] [INF] [] [Layout] [Avalonia.Layout.LayoutManager] Started layout pass. To measure: 1 To arrange: 0
[2025-07-27 22:55:52.345] [INF] [] [Layout] [Avalonia.Layout.LayoutManager] Layout pass finished in "00:00:00.0003121"
[2025-07-27 22:55:52.526] [INF] [] [Layout] [Avalonia.Layout.LayoutManager] Started layout pass. To measure: 1 To arrange: 0
[2025-07-27 22:55:52.529] [INF] [] [Layout] [Avalonia.Layout.LayoutManager] Layout pass finished in "00:00:00.0002352"
[2025-07-27 22:55:52.702] [INF] [] [Layout] [Avalonia.Layout.LayoutManager] Started layout pass. To measure: 4 To arrange: 1
[2025-07-27 22:55:52.710] [INF] [] [Layout] [Avalonia.Layout.LayoutManager] Layout pass finished in "00:00:00.0062656"
[2025-07-27 22:55:52.960] [INF] [] [Layout] [Avalonia.Layout.LayoutManager] Started layout pass. To measure: 3 To arrange: 0
[2025-07-27 22:55:52.962] [INF] [] [Layout] [Avalonia.Layout.LayoutManager] Layout pass finished in "00:00:00.0002433"
[2025-07-27 22:55:53.190] [INF] [] [Layout] [Avalonia.Layout.LayoutManager] Started layout pass. To measure: 1 To arrange: 0
[2025-07-27 22:55:53.193] [INF] [] [Layout] [Avalonia.Layout.LayoutManager] Layout pass finished in "00:00:00.0002809"
[2025-07-27 22:55:53.271] [INF] [] [Layout] [Avalonia.Layout.LayoutManager] Started layout pass. To measure: 1 To arrange: 0
[2025-07-27 22:55:53.273] [INF] [] [Layout] [Avalonia.Layout.LayoutManager] Layout pass finished in "00:00:00.0002049"
[2025-07-27 22:55:53.453] [INF] [] [Layout] [Avalonia.Layout.LayoutManager] Started layout pass. To measure: 1 To arrange: 0
[2025-07-27 22:55:53.456] [INF] [] [Layout] [Avalonia.Layout.LayoutManager] Layout pass finished in "00:00:00.0004772"
[2025-07-27 22:55:53.657] [INF] [] [Layout] [Avalonia.Layout.LayoutManager] Started layout pass. To measure: 1 To arrange: 0
[2025-07-27 22:55:53.660] [INF] [] [Layout] [Avalonia.Layout.LayoutManager] Layout pass finished in "00:00:00.0001823"
[2025-07-27 22:55:55.240] [INF] [] [Layout] [Avalonia.Layout.LayoutManager] Started layout pass. To measure: 6 To arrange: 0
[2025-07-27 22:55:55.242] [INF] [] [Layout] [Avalonia.Layout.LayoutManager] Layout pass finished in "00:00:00.0001274"
[2025-07-27 22:55:55.360] [INF] [] [Layout] [Avalonia.Layout.LayoutManager] Started layout pass. To measure: 2 To arrange: 0
[2025-07-27 22:55:55.362] [INF] [] [Layout] [Avalonia.Layout.LayoutManager] Layout pass finished in "00:00:00.0008560"
[2025-07-27 22:55:57.991] [INF] [] Administrator successfully authenticated
[2025-07-27 22:55:58.008] [DBG] [] Auth window closed with result: true
[2025-07-27 22:55:58.010] [INF] [] Authentication successful, initializing main window
[2025-07-27 22:56:14.245] [DBG] [] Adding embedded font collection...
[2025-07-27 22:56:14.262] [DBG] [] Embedded font collection added successfully
[2025-07-27 22:56:14.328] [INF] [] Application framework initialization starting
[2025-07-27 22:56:14.393] [DBG] [] Creating splash screen
[2025-07-27 22:56:14.583] [INF] [] [Layout] [Avalonia.Layout.LayoutManager] Started layout pass. To measure: 0 To arrange: 0
[2025-07-27 22:56:14.589] [INF] [] [Layout] [Avalonia.Layout.LayoutManager] Layout pass finished in "00:00:00.0025477"
[2025-07-27 22:56:14.689] [INF] [] [Layout] [Avalonia.Layout.LayoutManager] Started layout pass. To measure: 3 To arrange: 0
[2025-07-27 22:56:14.691] [INF] [] [Layout] [Avalonia.Layout.LayoutManager] Layout pass finished in "00:00:00.0012850"
[2025-07-27 22:56:15.713] [DBG] [] Checking server availability
[2025-07-27 22:56:15.785] [INF] [] [Layout] [Avalonia.Layout.LayoutManager] Started layout pass. To measure: 1 To arrange: 0
[2025-07-27 22:56:15.822] [INF] [] [Layout] [Avalonia.Layout.LayoutManager] Layout pass finished in "00:00:00.0362617"
[2025-07-27 22:56:17.971] [INF] [] [Layout] [Avalonia.Layout.LayoutManager] Started layout pass. To measure: 1 To arrange: 0
[2025-07-27 22:56:17.974] [INF] [] [Layout] [Avalonia.Layout.LayoutManager] Layout pass finished in "00:00:00.0004562"
[2025-07-27 22:56:20.996] [DBG] [] Splash screen closed
[2025-07-27 22:56:20.997] [DBG] [] Creating authentication window
[2025-07-27 22:56:21.091] [INF] [] [Layout] [Avalonia.Layout.LayoutManager] Started layout pass. To measure: 0 To arrange: 0
[2025-07-27 22:56:21.092] [INF] [] [Layout] [Avalonia.Layout.LayoutManager] Layout pass finished in "00:00:00.0000048"
[2025-07-27 22:56:21.247] [INF] [] [Layout] [Avalonia.Layout.LayoutManager] Started layout pass. To measure: 2 To arrange: 0
[2025-07-27 22:56:21.249] [INF] [] [Layout] [Avalonia.Layout.LayoutManager] Layout pass finished in "00:00:00.0000092"
[2025-07-27 22:56:21.254] [INF] [] [Layout] [Avalonia.Layout.LayoutManager] Started layout pass. To measure: 1 To arrange: 0
[2025-07-27 22:56:21.256] [INF] [] [Layout] [Avalonia.Layout.LayoutManager] Layout pass finished in "00:00:00.0006924"
[2025-07-27 22:56:21.274] [INF] [] [Layout] [Avalonia.Layout.LayoutManager] Started layout pass. To measure: 4 To arrange: 0
[2025-07-27 22:56:21.276] [INF] [] [Layout] [Avalonia.Layout.LayoutManager] Layout pass finished in "00:00:00.0004312"
[2025-07-27 22:56:21.914] [INF] [] [Layout] [Avalonia.Layout.LayoutManager] Started layout pass. To measure: 1 To arrange: 1
[2025-07-27 22:56:21.917] [INF] [] [Layout] [Avalonia.Layout.LayoutManager] Layout pass finished in "00:00:00.0009412"
[2025-07-27 22:56:22.337] [INF] [] [Layout] [Avalonia.Layout.LayoutManager] Started layout pass. To measure: 3 To arrange: 0
[2025-07-27 22:56:22.339] [INF] [] [Layout] [Avalonia.Layout.LayoutManager] Layout pass finished in "00:00:00.0002992"
[2025-07-27 22:56:22.647] [INF] [] [Layout] [Avalonia.Layout.LayoutManager] Started layout pass. To measure: 1 To arrange: 0
[2025-07-27 22:56:22.649] [INF] [] [Layout] [Avalonia.Layout.LayoutManager] Layout pass finished in "00:00:00.0003801"
[2025-07-27 22:56:22.953] [INF] [] [Layout] [Avalonia.Layout.LayoutManager] Started layout pass. To measure: 1 To arrange: 0
[2025-07-27 22:56:22.957] [INF] [] [Layout] [Avalonia.Layout.LayoutManager] Layout pass finished in "00:00:00.0003405"
[2025-07-27 22:56:23.200] [INF] [] [Layout] [Avalonia.Layout.LayoutManager] Started layout pass. To measure: 1 To arrange: 0
[2025-07-27 22:56:23.202] [INF] [] [Layout] [Avalonia.Layout.LayoutManager] Layout pass finished in "00:00:00.0002139"
[2025-07-27 22:56:23.387] [INF] [] [Layout] [Avalonia.Layout.LayoutManager] Started layout pass. To measure: 1 To arrange: 0
[2025-07-27 22:56:23.390] [INF] [] [Layout] [Avalonia.Layout.LayoutManager] Layout pass finished in "00:00:00.0003932"
[2025-07-27 22:56:23.529] [INF] [] [Layout] [Avalonia.Layout.LayoutManager] Started layout pass. To measure: 4 To arrange: 1
[2025-07-27 22:56:23.537] [INF] [] [Layout] [Avalonia.Layout.LayoutManager] Layout pass finished in "00:00:00.0060578"
[2025-07-27 22:56:23.811] [INF] [] [Layout] [Avalonia.Layout.LayoutManager] Started layout pass. To measure: 3 To arrange: 0
[2025-07-27 22:56:23.813] [INF] [] [Layout] [Avalonia.Layout.LayoutManager] Layout pass finished in "00:00:00.0002140"
[2025-07-27 22:56:24.046] [INF] [] [Layout] [Avalonia.Layout.LayoutManager] Started layout pass. To measure: 1 To arrange: 0
[2025-07-27 22:56:24.048] [INF] [] [Layout] [Avalonia.Layout.LayoutManager] Layout pass finished in "00:00:00.0002713"
[2025-07-27 22:56:24.148] [INF] [] [Layout] [Avalonia.Layout.LayoutManager] Started layout pass. To measure: 1 To arrange: 0
[2025-07-27 22:56:24.157] [INF] [] [Layout] [Avalonia.Layout.LayoutManager] Layout pass finished in "00:00:00.0004215"
[2025-07-27 22:56:24.327] [INF] [] [Layout] [Avalonia.Layout.LayoutManager] Started layout pass. To measure: 1 To arrange: 0
[2025-07-27 22:56:24.330] [INF] [] [Layout] [Avalonia.Layout.LayoutManager] Layout pass finished in "00:00:00.0004448"
[2025-07-27 22:56:24.498] [INF] [] [Layout] [Avalonia.Layout.LayoutManager] Started layout pass. To measure: 1 To arrange: 0
[2025-07-27 22:56:24.500] [INF] [] [Layout] [Avalonia.Layout.LayoutManager] Layout pass finished in "00:00:00.0001880"
[2025-07-27 22:56:25.661] [INF] [] [Layout] [Avalonia.Layout.LayoutManager] Started layout pass. To measure: 6 To arrange: 0
[2025-07-27 22:56:25.664] [INF] [] [Layout] [Avalonia.Layout.LayoutManager] Layout pass finished in "00:00:00.0007070"
[2025-07-27 22:56:25.822] [INF] [] [Layout] [Avalonia.Layout.LayoutManager] Started layout pass. To measure: 2 To arrange: 0
[2025-07-27 22:56:25.825] [INF] [] [Layout] [Avalonia.Layout.LayoutManager] Layout pass finished in "00:00:00.0008447"
[2025-07-27 22:56:28.429] [INF] [] Administrator successfully authenticated
[2025-07-27 22:56:28.444] [DBG] [] Auth window closed with result: true
[2025-07-27 22:56:28.446] [INF] [] Authentication successful, initializing main window
[2025-07-27 23:19:33.294] [DBG] [] Adding embedded font collection...
[2025-07-27 23:19:33.313] [DBG] [] Embedded font collection added successfully
[2025-07-27 23:19:33.445] [INF] [] Application framework initialization starting
[2025-07-27 23:19:33.668] [DBG] [] Creating splash screen
[2025-07-27 23:19:33.870] [INF] [] [Layout] [Avalonia.Layout.LayoutManager] Started layout pass. To measure: 0 To arrange: 0
[2025-07-27 23:19:33.874] [INF] [] [Layout] [Avalonia.Layout.LayoutManager] Layout pass finished in "00:00:00.0015814"
[2025-07-27 23:19:34.044] [INF] [] [Layout] [Avalonia.Layout.LayoutManager] Started layout pass. To measure: 3 To arrange: 0
[2025-07-27 23:19:34.047] [INF] [] [Layout] [Avalonia.Layout.LayoutManager] Layout pass finished in "00:00:00.0008428"
[2025-07-27 23:19:35.076] [DBG] [] Checking server availability
[2025-07-27 23:19:35.265] [INF] [] [Layout] [Avalonia.Layout.LayoutManager] Started layout pass. To measure: 1 To arrange: 0
[2025-07-27 23:19:35.267] [INF] [] [Layout] [Avalonia.Layout.LayoutManager] Layout pass finished in "00:00:00.0005177"
[2025-07-27 23:19:37.458] [INF] [] [Layout] [Avalonia.Layout.LayoutManager] Started layout pass. To measure: 1 To arrange: 0
[2025-07-27 23:19:37.461] [INF] [] [Layout] [Avalonia.Layout.LayoutManager] Layout pass finished in "00:00:00.0005129"
[2025-07-27 23:19:40.517] [DBG] [] Splash screen closed
[2025-07-27 23:19:40.519] [DBG] [] Creating authentication window
[2025-07-27 23:19:40.680] [INF] [] [Layout] [Avalonia.Layout.LayoutManager] Started layout pass. To measure: 0 To arrange: 0
[2025-07-27 23:19:40.682] [INF] [] [Layout] [Avalonia.Layout.LayoutManager] Layout pass finished in "00:00:00.0000033"
[2025-07-27 23:19:40.851] [INF] [] [Layout] [Avalonia.Layout.LayoutManager] Started layout pass. To measure: 2 To arrange: 0
[2025-07-27 23:19:40.852] [INF] [] [Layout] [Avalonia.Layout.LayoutManager] Layout pass finished in "00:00:00.0000087"
[2025-07-27 23:19:40.858] [INF] [] [Layout] [Avalonia.Layout.LayoutManager] Started layout pass. To measure: 1 To arrange: 0
[2025-07-27 23:19:40.860] [INF] [] [Layout] [Avalonia.Layout.LayoutManager] Layout pass finished in "00:00:00.0006961"
[2025-07-27 23:19:40.876] [INF] [] [Layout] [Avalonia.Layout.LayoutManager] Started layout pass. To measure: 4 To arrange: 0
[2025-07-27 23:19:40.878] [INF] [] [Layout] [Avalonia.Layout.LayoutManager] Layout pass finished in "00:00:00.0002557"
[2025-07-27 23:19:41.487] [INF] [] [Layout] [Avalonia.Layout.LayoutManager] Started layout pass. To measure: 1 To arrange: 1
[2025-07-27 23:19:41.490] [INF] [] [Layout] [Avalonia.Layout.LayoutManager] Layout pass finished in "00:00:00.0009625"
[2025-07-27 23:19:41.938] [INF] [] [Layout] [Avalonia.Layout.LayoutManager] Started layout pass. To measure: 3 To arrange: 0
[2025-07-27 23:19:41.940] [INF] [] [Layout] [Avalonia.Layout.LayoutManager] Layout pass finished in "00:00:00.0003770"
[2025-07-27 23:19:42.137] [INF] [] [Layout] [Avalonia.Layout.LayoutManager] Started layout pass. To measure: 1 To arrange: 0
[2025-07-27 23:19:42.140] [INF] [] [Layout] [Avalonia.Layout.LayoutManager] Layout pass finished in "00:00:00.0006923"
[2025-07-27 23:19:42.776] [INF] [] [Layout] [Avalonia.Layout.LayoutManager] Started layout pass. To measure: 1 To arrange: 0
[2025-07-27 23:19:42.780] [INF] [] [Layout] [Avalonia.Layout.LayoutManager] Layout pass finished in "00:00:00.0003279"
[2025-07-27 23:19:42.984] [INF] [] [Layout] [Avalonia.Layout.LayoutManager] Started layout pass. To measure: 1 To arrange: 0
[2025-07-27 23:19:42.986] [INF] [] [Layout] [Avalonia.Layout.LayoutManager] Layout pass finished in "00:00:00.0002714"
[2025-07-27 23:19:43.176] [INF] [] [Layout] [Avalonia.Layout.LayoutManager] Started layout pass. To measure: 1 To arrange: 0
[2025-07-27 23:19:43.179] [INF] [] [Layout] [Avalonia.Layout.LayoutManager] Layout pass finished in "00:00:00.0004155"
[2025-07-27 23:19:43.348] [INF] [] [Layout] [Avalonia.Layout.LayoutManager] Started layout pass. To measure: 4 To arrange: 1
[2025-07-27 23:19:43.356] [INF] [] [Layout] [Avalonia.Layout.LayoutManager] Layout pass finished in "00:00:00.0061890"
[2025-07-27 23:19:43.591] [INF] [] [Layout] [Avalonia.Layout.LayoutManager] Started layout pass. To measure: 3 To arrange: 0
[2025-07-27 23:19:43.593] [INF] [] [Layout] [Avalonia.Layout.LayoutManager] Layout pass finished in "00:00:00.0002051"
[2025-07-27 23:19:43.823] [INF] [] [Layout] [Avalonia.Layout.LayoutManager] Started layout pass. To measure: 1 To arrange: 0
[2025-07-27 23:19:43.825] [INF] [] [Layout] [Avalonia.Layout.LayoutManager] Layout pass finished in "00:00:00.0002067"
[2025-07-27 23:19:43.905] [INF] [] [Layout] [Avalonia.Layout.LayoutManager] Started layout pass. To measure: 1 To arrange: 0
[2025-07-27 23:19:43.910] [INF] [] [Layout] [Avalonia.Layout.LayoutManager] Layout pass finished in "00:00:00.0003796"
[2025-07-27 23:19:44.093] [INF] [] [Layout] [Avalonia.Layout.LayoutManager] Started layout pass. To measure: 1 To arrange: 0
[2025-07-27 23:19:44.095] [INF] [] [Layout] [Avalonia.Layout.LayoutManager] Layout pass finished in "00:00:00.0002247"
[2025-07-27 23:19:44.282] [INF] [] [Layout] [Avalonia.Layout.LayoutManager] Started layout pass. To measure: 1 To arrange: 0
[2025-07-27 23:19:44.284] [INF] [] [Layout] [Avalonia.Layout.LayoutManager] Layout pass finished in "00:00:00.0001871"
[2025-07-27 23:19:45.761] [INF] [] [Layout] [Avalonia.Layout.LayoutManager] Started layout pass. To measure: 6 To arrange: 0
[2025-07-27 23:19:45.763] [INF] [] [Layout] [Avalonia.Layout.LayoutManager] Layout pass finished in "00:00:00.0001578"
[2025-07-27 23:19:45.944] [INF] [] [Layout] [Avalonia.Layout.LayoutManager] Started layout pass. To measure: 2 To arrange: 0
[2025-07-27 23:19:45.946] [INF] [] [Layout] [Avalonia.Layout.LayoutManager] Layout pass finished in "00:00:00.0010843"
[2025-07-27 23:19:48.775] [INF] [] Administrator successfully authenticated
[2025-07-27 23:19:48.789] [DBG] [] Auth window closed with result: true
[2025-07-27 23:19:48.791] [INF] [] Authentication successful, initializing main window
[2025-07-27 23:19:48.870] [INF] [] Main window initialized
[2025-07-27 23:19:48.872] [INF] [] [Layout] [Avalonia.Layout.LayoutManager] Started layout pass. To measure: 0 To arrange: 0
[2025-07-27 23:19:48.874] [INF] [] [Layout] [Avalonia.Layout.LayoutManager] Layout pass finished in "00:00:00.0000035"
[2025-07-27 23:19:48.915] [INF] [] [Layout] [Avalonia.Layout.LayoutManager] Started layout pass. To measure: 2 To arrange: 0
[2025-07-27 23:19:48.918] [INF] [] [Layout] [Avalonia.Layout.LayoutManager] Layout pass finished in "00:00:00.0000151"
[2025-07-27 23:19:48.921] [INF] [] [Layout] [Avalonia.Layout.LayoutManager] Started layout pass. To measure: 1 To arrange: 0
[2025-07-27 23:19:48.922] [INF] [] [Layout] [Avalonia.Layout.LayoutManager] Layout pass finished in "00:00:00.0003483"
[2025-07-27 23:19:48.937] [INF] [] Application framework initialization completed
[2025-07-27 23:19:48.945] [INF] [] [Layout] [Avalonia.Layout.LayoutManager] Started layout pass. To measure: 5 To arrange: 0
[2025-07-27 23:19:48.948] [INF] [] [Layout] [Avalonia.Layout.LayoutManager] Layout pass finished in "00:00:00.0008228"
[2025-07-27 23:19:48.964] [INF] [] [Layout] [Avalonia.Layout.LayoutManager] Started layout pass. To measure: 1 To arrange: 0
[2025-07-27 23:19:48.966] [INF] [] [Layout] [Avalonia.Layout.LayoutManager] Layout pass finished in "00:00:00.0002170"
[2025-07-27 23:19:48.971] [INF] [] [Layout] [Avalonia.Layout.LayoutManager] Started layout pass. To measure: 9 To arrange: 0
[2025-07-27 23:19:48.973] [INF] [] [Layout] [Avalonia.Layout.LayoutManager] Layout pass finished in "00:00:00.0004106"
[2025-07-27 23:19:48.975] [INF] [] [Layout] [Avalonia.Layout.LayoutManager] Started layout pass. To measure: 4 To arrange: 0
[2025-07-27 23:19:48.977] [INF] [] [Layout] [Avalonia.Layout.LayoutManager] Layout pass finished in "00:00:00.0000940"
[2025-07-27 23:19:49.010] [INF] [] [Layout] [Avalonia.Layout.LayoutManager] Started layout pass. To measure: 2 To arrange: 0
[2025-07-27 23:19:49.011] [INF] [] [Layout] [Avalonia.Layout.LayoutManager] Layout pass finished in "00:00:00.0001204"
[2025-07-27 23:19:49.016] [INF] [] [Layout] [Avalonia.Layout.LayoutManager] Started layout pass. To measure: 2 To arrange: 0
[2025-07-27 23:19:49.018] [INF] [] [Layout] [Avalonia.Layout.LayoutManager] Layout pass finished in "00:00:00.0001294"
[2025-07-27 23:19:49.022] [INF] [] [Layout] [Avalonia.Layout.LayoutManager] Started layout pass. To measure: 2 To arrange: 0
[2025-07-27 23:19:49.024] [INF] [] [Layout] [Avalonia.Layout.LayoutManager] Layout pass finished in "00:00:00.0001237"
[2025-07-27 23:19:49.037] [INF] [] [Layout] [Avalonia.Layout.LayoutManager] Started layout pass. To measure: 1 To arrange: 0
[2025-07-27 23:19:49.038] [INF] [] [Layout] [Avalonia.Layout.LayoutManager] Layout pass finished in "00:00:00.0001034"
[2025-07-27 23:19:49.050] [INF] [] [Layout] [Avalonia.Layout.LayoutManager] Started layout pass. To measure: 1 To arrange: 0
[2025-07-27 23:19:49.052] [INF] [] [Layout] [Avalonia.Layout.LayoutManager] Layout pass finished in "00:00:00.0001051"
[2025-07-27 23:19:49.064] [INF] [] [Layout] [Avalonia.Layout.LayoutManager] Started layout pass. To measure: 1 To arrange: 0
[2025-07-27 23:19:49.066] [INF] [] [Layout] [Avalonia.Layout.LayoutManager] Layout pass finished in "00:00:00.0000258"
[2025-07-27 23:19:49.078] [INF] [] [Layout] [Avalonia.Layout.LayoutManager] Started layout pass. To measure: 1 To arrange: 0
[2025-07-27 23:19:49.080] [INF] [] [Layout] [Avalonia.Layout.LayoutManager] Layout pass finished in "00:00:00.0002027"
[2025-07-27 23:19:52.091] [INF] [] [Layout] [Avalonia.Layout.LayoutManager] Started layout pass. To measure: 3 To arrange: 0
[2025-07-27 23:19:52.094] [INF] [] [Layout] [Avalonia.Layout.LayoutManager] Layout pass finished in "00:00:00.0002670"
[2025-07-27 23:19:52.098] [INF] [] [Layout] [Avalonia.Layout.LayoutManager] Started layout pass. To measure: 2 To arrange: 0
[2025-07-27 23:19:52.102] [INF] [] [Layout] [Avalonia.Layout.LayoutManager] Layout pass finished in "00:00:00.0014468"
[2025-07-27 23:19:52.105] [INF] [] [Layout] [Avalonia.Layout.LayoutManager] Started layout pass. To measure: 2 To arrange: 0
[2025-07-27 23:19:52.107] [INF] [] [Layout] [Avalonia.Layout.LayoutManager] Layout pass finished in "00:00:00.0002383"
[2025-07-27 23:19:52.113] [INF] [] [Layout] [Avalonia.Layout.LayoutManager] Started layout pass. To measure: 2 To arrange: 0
[2025-07-27 23:19:52.115] [INF] [] [Layout] [Avalonia.Layout.LayoutManager] Layout pass finished in "00:00:00.0002634"
[2025-07-27 23:19:52.119] [INF] [] [Layout] [Avalonia.Layout.LayoutManager] Started layout pass. To measure: 1 To arrange: 0
[2025-07-27 23:19:52.121] [INF] [] [Layout] [Avalonia.Layout.LayoutManager] Layout pass finished in "00:00:00.0000799"
[2025-07-27 23:19:52.127] [INF] [] [Layout] [Avalonia.Layout.LayoutManager] Started layout pass. To measure: 1 To arrange: 0
[2025-07-27 23:19:52.129] [INF] [] [Layout] [Avalonia.Layout.LayoutManager] Layout pass finished in "00:00:00.0000834"
[2025-07-27 23:19:52.143] [INF] [] [Layout] [Avalonia.Layout.LayoutManager] Started layout pass. To measure: 1 To arrange: 0
[2025-07-27 23:19:52.153] [INF] [] [Layout] [Avalonia.Layout.LayoutManager] Layout pass finished in "00:00:00.0001331"
[2025-07-27 23:19:52.162] [INF] [] [Layout] [Avalonia.Layout.LayoutManager] Started layout pass. To measure: 1 To arrange: 0
[2025-07-27 23:19:52.166] [INF] [] [Layout] [Avalonia.Layout.LayoutManager] Layout pass finished in "00:00:00.0001104"
[2025-07-27 23:19:52.182] [INF] [] [Layout] [Avalonia.Layout.LayoutManager] Started layout pass. To measure: 1 To arrange: 0
[2025-07-27 23:19:52.189] [INF] [] [Layout] [Avalonia.Layout.LayoutManager] Layout pass finished in "00:00:00.0000975"
[2025-07-27 23:19:52.202] [INF] [] [Layout] [Avalonia.Layout.LayoutManager] Started layout pass. To measure: 1 To arrange: 0
[2025-07-27 23:19:52.208] [INF] [] [Layout] [Avalonia.Layout.LayoutManager] Layout pass finished in "00:00:00.0001453"
[2025-07-27 23:19:52.224] [INF] [] [Layout] [Avalonia.Layout.LayoutManager] Started layout pass. To measure: 1 To arrange: 0
[2025-07-27 23:19:52.229] [INF] [] [Layout] [Avalonia.Layout.LayoutManager] Layout pass finished in "00:00:00.0001376"
[2025-07-27 23:19:52.244] [INF] [] [Layout] [Avalonia.Layout.LayoutManager] Started layout pass. To measure: 1 To arrange: 0
[2025-07-27 23:19:52.250] [INF] [] [Layout] [Avalonia.Layout.LayoutManager] Layout pass finished in "00:00:00.0001399"
[2025-07-27 23:19:52.266] [INF] [] [Layout] [Avalonia.Layout.LayoutManager] Started layout pass. To measure: 1 To arrange: 0
[2025-07-27 23:19:52.269] [INF] [] [Layout] [Avalonia.Layout.LayoutManager] Layout pass finished in "00:00:00.0000240"
[2025-07-27 23:19:52.279] [INF] [] [Layout] [Avalonia.Layout.LayoutManager] Started layout pass. To measure: 1 To arrange: 0
[2025-07-27 23:19:52.288] [INF] [] [Layout] [Avalonia.Layout.LayoutManager] Layout pass finished in "00:00:00.0000263"
[2025-07-27 23:19:52.299] [INF] [] [Layout] [Avalonia.Layout.LayoutManager] Started layout pass. To measure: 1 To arrange: 0
[2025-07-27 23:19:52.303] [INF] [] [Layout] [Avalonia.Layout.LayoutManager] Layout pass finished in "00:00:00.0000239"
[2025-07-27 23:19:53.202] [INF] [] [Layout] [Avalonia.Layout.LayoutManager] Started layout pass. To measure: 2 To arrange: 0
[2025-07-27 23:19:53.204] [INF] [] [Layout] [Avalonia.Layout.LayoutManager] Layout pass finished in "00:00:00.0003395"
[2025-07-27 23:19:53.209] [INF] [] [Layout] [Avalonia.Layout.LayoutManager] Started layout pass. To measure: 1 To arrange: 0
[2025-07-27 23:19:53.211] [INF] [] [Layout] [Avalonia.Layout.LayoutManager] Layout pass finished in "00:00:00.0000985"
[2025-07-27 23:19:53.216] [INF] [] [Layout] [Avalonia.Layout.LayoutManager] Started layout pass. To measure: 1 To arrange: 0
[2025-07-27 23:19:53.217] [INF] [] [Layout] [Avalonia.Layout.LayoutManager] Layout pass finished in "00:00:00.0000951"
[2025-07-27 23:19:53.223] [INF] [] [Layout] [Avalonia.Layout.LayoutManager] Started layout pass. To measure: 1 To arrange: 0
[2025-07-27 23:19:53.224] [INF] [] [Layout] [Avalonia.Layout.LayoutManager] Layout pass finished in "00:00:00.0000894"
[2025-07-27 23:19:53.231] [INF] [] [Layout] [Avalonia.Layout.LayoutManager] Started layout pass. To measure: 1 To arrange: 0
[2025-07-27 23:19:53.232] [INF] [] [Layout] [Avalonia.Layout.LayoutManager] Layout pass finished in "00:00:00.0001337"
[2025-07-27 23:19:53.237] [INF] [] [Layout] [Avalonia.Layout.LayoutManager] Started layout pass. To measure: 1 To arrange: 0
[2025-07-27 23:19:53.238] [INF] [] [Layout] [Avalonia.Layout.LayoutManager] Layout pass finished in "00:00:00.0000713"
[2025-07-27 23:19:53.244] [INF] [] [Layout] [Avalonia.Layout.LayoutManager] Started layout pass. To measure: 1 To arrange: 0
[2025-07-27 23:19:53.245] [INF] [] [Layout] [Avalonia.Layout.LayoutManager] Layout pass finished in "00:00:00.0000782"
[2025-07-27 23:19:53.251] [INF] [] [Layout] [Avalonia.Layout.LayoutManager] Started layout pass. To measure: 1 To arrange: 0
[2025-07-27 23:19:53.252] [INF] [] [Layout] [Avalonia.Layout.LayoutManager] Layout pass finished in "00:00:00.0000741"
[2025-07-27 23:19:53.258] [INF] [] [Layout] [Avalonia.Layout.LayoutManager] Started layout pass. To measure: 1 To arrange: 0
[2025-07-27 23:19:53.260] [INF] [] [Layout] [Avalonia.Layout.LayoutManager] Layout pass finished in "00:00:00.0000707"
[2025-07-27 23:19:53.264] [INF] [] [Layout] [Avalonia.Layout.LayoutManager] Started layout pass. To measure: 1 To arrange: 0
[2025-07-27 23:19:53.266] [INF] [] [Layout] [Avalonia.Layout.LayoutManager] Layout pass finished in "00:00:00.0001163"
[2025-07-27 23:19:53.271] [INF] [] [Layout] [Avalonia.Layout.LayoutManager] Started layout pass. To measure: 1 To arrange: 0
[2025-07-27 23:19:53.273] [INF] [] [Layout] [Avalonia.Layout.LayoutManager] Layout pass finished in "00:00:00.0000592"
[2025-07-27 23:19:53.278] [INF] [] [Layout] [Avalonia.Layout.LayoutManager] Started layout pass. To measure: 1 To arrange: 0
[2025-07-27 23:19:53.280] [INF] [] [Layout] [Avalonia.Layout.LayoutManager] Layout pass finished in "00:00:00.0000636"
[2025-07-27 23:19:53.286] [INF] [] [Layout] [Avalonia.Layout.LayoutManager] Started layout pass. To measure: 1 To arrange: 0
[2025-07-27 23:19:53.287] [INF] [] [Layout] [Avalonia.Layout.LayoutManager] Layout pass finished in "00:00:00.0000192"
[2025-07-27 23:19:53.292] [INF] [] [Layout] [Avalonia.Layout.LayoutManager] Started layout pass. To measure: 1 To arrange: 0
[2025-07-27 23:19:53.294] [INF] [] [Layout] [Avalonia.Layout.LayoutManager] Layout pass finished in "00:00:00.0000188"
[2025-07-27 23:19:53.299] [INF] [] [Layout] [Avalonia.Layout.LayoutManager] Started layout pass. To measure: 1 To arrange: 0
[2025-07-27 23:19:53.301] [INF] [] [Layout] [Avalonia.Layout.LayoutManager] Layout pass finished in "00:00:00.0000278"
[2025-07-27 23:19:53.306] [INF] [] [Layout] [Avalonia.Layout.LayoutManager] Started layout pass. To measure: 1 To arrange: 0
[2025-07-27 23:19:53.308] [INF] [] [Layout] [Avalonia.Layout.LayoutManager] Layout pass finished in "00:00:00.0000761"
[2025-07-27 23:19:55.181] [INF] [] [Layout] [Avalonia.Layout.LayoutManager] Started layout pass. To measure: 4 To arrange: 0
[2025-07-27 23:19:55.187] [INF] [] [Layout] [Avalonia.Layout.LayoutManager] Layout pass finished in "00:00:00.0002674"
[2025-07-27 23:19:56.495] [INF] [] [Layout] [Avalonia.Layout.LayoutManager] Started layout pass. To measure: 4 To arrange: 0
[2025-07-27 23:19:56.497] [INF] [] [Layout] [Avalonia.Layout.LayoutManager] Layout pass finished in "00:00:00.0001518"
[2025-07-27 23:20:01.387] [INF] [] [Layout] [Avalonia.Layout.LayoutManager] Started layout pass. To measure: 4 To arrange: 0
[2025-07-27 23:20:01.392] [INF] [] [Layout] [Avalonia.Layout.LayoutManager] Layout pass finished in "00:00:00.0002830"
[2025-07-27 23:20:04.167] [INF] [] [Layout] [Avalonia.Layout.LayoutManager] Started layout pass. To measure: 4 To arrange: 0
[2025-07-27 23:20:04.169] [INF] [] [Layout] [Avalonia.Layout.LayoutManager] Layout pass finished in "00:00:00.0002258"
[2025-07-27 23:20:05.127] [INF] [] [Layout] [Avalonia.Layout.LayoutManager] Started layout pass. To measure: 4 To arrange: 0
[2025-07-27 23:20:05.129] [INF] [] [Layout] [Avalonia.Layout.LayoutManager] Layout pass finished in "00:00:00.0001276"
[2025-07-27 23:28:24.948] [DBG] [] Adding embedded font collection...
[2025-07-27 23:28:24.966] [DBG] [] Embedded font collection added successfully
[2025-07-27 23:28:24.983] [INF] [] Application framework initialization starting
[2025-07-27 23:28:25.140] [DBG] [] Creating splash screen
[2025-07-27 23:28:25.346] [INF] [] [Layout] [Avalonia.Layout.LayoutManager] Started layout pass. To measure: 0 To arrange: 0
[2025-07-27 23:28:25.350] [INF] [] [Layout] [Avalonia.Layout.LayoutManager] Layout pass finished in "00:00:00.0015979"
[2025-07-27 23:28:25.440] [INF] [] [Layout] [Avalonia.Layout.LayoutManager] Started layout pass. To measure: 3 To arrange: 0
[2025-07-27 23:28:25.442] [INF] [] [Layout] [Avalonia.Layout.LayoutManager] Layout pass finished in "00:00:00.0007901"
[2025-07-27 23:28:26.475] [DBG] [] Checking server availability
[2025-07-27 23:28:26.671] [INF] [] [Layout] [Avalonia.Layout.LayoutManager] Started layout pass. To measure: 1 To arrange: 0
[2025-07-27 23:28:26.673] [INF] [] [Layout] [Avalonia.Layout.LayoutManager] Layout pass finished in "00:00:00.0006454"
[2025-07-27 23:28:28.880] [INF] [] [Layout] [Avalonia.Layout.LayoutManager] Started layout pass. To measure: 1 To arrange: 0
[2025-07-27 23:28:28.883] [INF] [] [Layout] [Avalonia.Layout.LayoutManager] Layout pass finished in "00:00:00.0006191"
[2025-07-27 23:28:31.977] [DBG] [] Splash screen closed
[2025-07-27 23:28:31.979] [DBG] [] Creating authentication window
[2025-07-27 23:28:32.113] [INF] [] [Layout] [Avalonia.Layout.LayoutManager] Started layout pass. To measure: 0 To arrange: 0
[2025-07-27 23:28:32.115] [INF] [] [Layout] [Avalonia.Layout.LayoutManager] Layout pass finished in "00:00:00.0000035"
[2025-07-27 23:28:32.286] [INF] [] [Layout] [Avalonia.Layout.LayoutManager] Started layout pass. To measure: 2 To arrange: 0
[2025-07-27 23:28:32.287] [INF] [] [Layout] [Avalonia.Layout.LayoutManager] Layout pass finished in "00:00:00.0000085"
[2025-07-27 23:28:32.292] [INF] [] [Layout] [Avalonia.Layout.LayoutManager] Started layout pass. To measure: 1 To arrange: 0
[2025-07-27 23:28:32.295] [INF] [] [Layout] [Avalonia.Layout.LayoutManager] Layout pass finished in "00:00:00.0007489"
[2025-07-27 23:28:32.310] [INF] [] [Layout] [Avalonia.Layout.LayoutManager] Started layout pass. To measure: 4 To arrange: 0
[2025-07-27 23:28:32.313] [INF] [] [Layout] [Avalonia.Layout.LayoutManager] Layout pass finished in "00:00:00.0003237"
[2025-07-27 23:28:32.997] [INF] [] [Layout] [Avalonia.Layout.LayoutManager] Started layout pass. To measure: 1 To arrange: 1
[2025-07-27 23:28:33.000] [INF] [] [Layout] [Avalonia.Layout.LayoutManager] Layout pass finished in "00:00:00.0012168"
[2025-07-27 23:28:33.406] [INF] [] [Layout] [Avalonia.Layout.LayoutManager] Started layout pass. To measure: 3 To arrange: 0
[2025-07-27 23:28:33.409] [INF] [] [Layout] [Avalonia.Layout.LayoutManager] Layout pass finished in "00:00:00.0003806"
[2025-07-27 23:28:33.619] [INF] [] [Layout] [Avalonia.Layout.LayoutManager] Started layout pass. To measure: 1 To arrange: 0
[2025-07-27 23:28:33.622] [INF] [] [Layout] [Avalonia.Layout.LayoutManager] Layout pass finished in "00:00:00.0004583"
[2025-07-27 23:28:34.016] [INF] [] [Layout] [Avalonia.Layout.LayoutManager] Started layout pass. To measure: 1 To arrange: 0
[2025-07-27 23:28:34.018] [INF] [] [Layout] [Avalonia.Layout.LayoutManager] Layout pass finished in "00:00:00.0002349"
[2025-07-27 23:28:34.162] [INF] [] [Layout] [Avalonia.Layout.LayoutManager] Started layout pass. To measure: 3 To arrange: 0
[2025-07-27 23:28:34.164] [INF] [] [Layout] [Avalonia.Layout.LayoutManager] Layout pass finished in "00:00:00.0004386"
[2025-07-27 23:28:34.426] [INF] [] [Layout] [Avalonia.Layout.LayoutManager] Started layout pass. To measure: 2 To arrange: 0
[2025-07-27 23:28:34.427] [INF] [] [Layout] [Avalonia.Layout.LayoutManager] Layout pass finished in "00:00:00.0002241"
[2025-07-27 23:28:34.761] [INF] [] [Layout] [Avalonia.Layout.LayoutManager] Started layout pass. To measure: 1 To arrange: 0
[2025-07-27 23:28:34.764] [INF] [] [Layout] [Avalonia.Layout.LayoutManager] Layout pass finished in "00:00:00.0004522"
[2025-07-27 23:28:34.959] [INF] [] [Layout] [Avalonia.Layout.LayoutManager] Started layout pass. To measure: 1 To arrange: 0
[2025-07-27 23:28:34.963] [INF] [] [Layout] [Avalonia.Layout.LayoutManager] Layout pass finished in "00:00:00.0002614"
[2025-07-27 23:28:35.479] [INF] [] [Layout] [Avalonia.Layout.LayoutManager] Started layout pass. To measure: 1 To arrange: 0
[2025-07-27 23:28:35.488] [INF] [] [Layout] [Avalonia.Layout.LayoutManager] Layout pass finished in "00:00:00.0030796"
[2025-07-27 23:28:35.684] [INF] [] [Layout] [Avalonia.Layout.LayoutManager] Started layout pass. To measure: 1 To arrange: 0
[2025-07-27 23:28:35.686] [INF] [] [Layout] [Avalonia.Layout.LayoutManager] Layout pass finished in "00:00:00.0006358"
[2025-07-27 23:28:35.877] [INF] [] [Layout] [Avalonia.Layout.LayoutManager] Started layout pass. To measure: 4 To arrange: 1
[2025-07-27 23:28:35.885] [INF] [] [Layout] [Avalonia.Layout.LayoutManager] Layout pass finished in "00:00:00.0063015"
[2025-07-27 23:28:36.130] [INF] [] [Layout] [Avalonia.Layout.LayoutManager] Started layout pass. To measure: 3 To arrange: 0
[2025-07-27 23:28:36.131] [INF] [] [Layout] [Avalonia.Layout.LayoutManager] Layout pass finished in "00:00:00.0002774"
[2025-07-27 23:28:36.333] [INF] [] [Layout] [Avalonia.Layout.LayoutManager] Started layout pass. To measure: 1 To arrange: 0
[2025-07-27 23:28:36.335] [INF] [] [Layout] [Avalonia.Layout.LayoutManager] Layout pass finished in "00:00:00.0002274"
[2025-07-27 23:28:36.422] [INF] [] [Layout] [Avalonia.Layout.LayoutManager] Started layout pass. To measure: 1 To arrange: 0
[2025-07-27 23:28:36.424] [INF] [] [Layout] [Avalonia.Layout.LayoutManager] Layout pass finished in "00:00:00.0001705"
[2025-07-27 23:28:36.608] [INF] [] [Layout] [Avalonia.Layout.LayoutManager] Started layout pass. To measure: 1 To arrange: 0
[2025-07-27 23:28:36.610] [INF] [] [Layout] [Avalonia.Layout.LayoutManager] Layout pass finished in "00:00:00.0001813"
[2025-07-27 23:28:36.806] [INF] [] [Layout] [Avalonia.Layout.LayoutManager] Started layout pass. To measure: 1 To arrange: 0
[2025-07-27 23:28:36.810] [INF] [] [Layout] [Avalonia.Layout.LayoutManager] Layout pass finished in "00:00:00.0003106"
[2025-07-27 23:28:37.998] [INF] [] [Layout] [Avalonia.Layout.LayoutManager] Started layout pass. To measure: 6 To arrange: 0
[2025-07-27 23:28:38.000] [INF] [] [Layout] [Avalonia.Layout.LayoutManager] Layout pass finished in "00:00:00.0001257"
[2025-07-27 23:28:38.145] [INF] [] [Layout] [Avalonia.Layout.LayoutManager] Started layout pass. To measure: 2 To arrange: 0
[2025-07-27 23:28:38.148] [INF] [] [Layout] [Avalonia.Layout.LayoutManager] Layout pass finished in "00:00:00.0013231"
[2025-07-27 23:28:40.797] [INF] [] Administrator successfully authenticated
[2025-07-27 23:28:40.816] [DBG] [] Auth window closed with result: true
[2025-07-27 23:28:40.818] [INF] [] Authentication successful, initializing main window
[2025-07-27 23:28:40.882] [INF] [] Main window initialized
[2025-07-27 23:28:40.885] [INF] [] [Layout] [Avalonia.Layout.LayoutManager] Started layout pass. To measure: 0 To arrange: 0
[2025-07-27 23:28:40.886] [INF] [] [Layout] [Avalonia.Layout.LayoutManager] Layout pass finished in "00:00:00.0000052"
[2025-07-27 23:28:40.926] [INF] [] [Layout] [Avalonia.Layout.LayoutManager] Started layout pass. To measure: 2 To arrange: 0
[2025-07-27 23:28:40.927] [INF] [] [Layout] [Avalonia.Layout.LayoutManager] Layout pass finished in "00:00:00.0000076"
[2025-07-27 23:28:40.930] [INF] [] [Layout] [Avalonia.Layout.LayoutManager] Started layout pass. To measure: 1 To arrange: 0
[2025-07-27 23:28:40.932] [INF] [] [Layout] [Avalonia.Layout.LayoutManager] Layout pass finished in "00:00:00.0002787"
[2025-07-27 23:28:40.945] [INF] [] Application framework initialization completed
[2025-07-27 23:28:40.952] [INF] [] [Layout] [Avalonia.Layout.LayoutManager] Started layout pass. To measure: 5 To arrange: 0
[2025-07-27 23:28:40.954] [INF] [] [Layout] [Avalonia.Layout.LayoutManager] Layout pass finished in "00:00:00.0013014"
[2025-07-27 23:28:40.970] [INF] [] [Layout] [Avalonia.Layout.LayoutManager] Started layout pass. To measure: 1 To arrange: 0
[2025-07-27 23:28:40.971] [INF] [] [Layout] [Avalonia.Layout.LayoutManager] Layout pass finished in "00:00:00.0001234"
[2025-07-27 23:28:40.976] [INF] [] [Layout] [Avalonia.Layout.LayoutManager] Started layout pass. To measure: 9 To arrange: 0
[2025-07-27 23:28:40.978] [INF] [] [Layout] [Avalonia.Layout.LayoutManager] Layout pass finished in "00:00:00.0005595"
[2025-07-27 23:28:40.980] [INF] [] [Layout] [Avalonia.Layout.LayoutManager] Started layout pass. To measure: 4 To arrange: 0
[2025-07-27 23:28:40.981] [INF] [] [Layout] [Avalonia.Layout.LayoutManager] Layout pass finished in "00:00:00.0001010"
[2025-07-27 23:28:41.016] [INF] [] [Layout] [Avalonia.Layout.LayoutManager] Started layout pass. To measure: 2 To arrange: 0
[2025-07-27 23:28:41.018] [INF] [] [Layout] [Avalonia.Layout.LayoutManager] Layout pass finished in "00:00:00.0001156"
[2025-07-27 23:28:41.028] [INF] [] [Layout] [Avalonia.Layout.LayoutManager] Started layout pass. To measure: 2 To arrange: 0
[2025-07-27 23:28:41.029] [INF] [] [Layout] [Avalonia.Layout.LayoutManager] Layout pass finished in "00:00:00.0001144"
[2025-07-27 23:28:41.034] [INF] [] [Layout] [Avalonia.Layout.LayoutManager] Started layout pass. To measure: 1 To arrange: 0
[2025-07-27 23:28:41.036] [INF] [] [Layout] [Avalonia.Layout.LayoutManager] Layout pass finished in "00:00:00.0001266"
[2025-07-27 23:28:41.049] [INF] [] [Layout] [Avalonia.Layout.LayoutManager] Started layout pass. To measure: 1 To arrange: 0
[2025-07-27 23:28:41.050] [INF] [] [Layout] [Avalonia.Layout.LayoutManager] Layout pass finished in "00:00:00.0001005"
[2025-07-27 23:28:41.062] [INF] [] [Layout] [Avalonia.Layout.LayoutManager] Started layout pass. To measure: 1 To arrange: 0
[2025-07-27 23:28:41.064] [INF] [] [Layout] [Avalonia.Layout.LayoutManager] Layout pass finished in "00:00:00.0001091"
[2025-07-27 23:28:41.076] [INF] [] [Layout] [Avalonia.Layout.LayoutManager] Started layout pass. To measure: 1 To arrange: 0
[2025-07-27 23:28:41.077] [INF] [] [Layout] [Avalonia.Layout.LayoutManager] Layout pass finished in "00:00:00.0000270"
[2025-07-27 23:28:41.083] [INF] [] [Layout] [Avalonia.Layout.LayoutManager] Started layout pass. To measure: 1 To arrange: 0
[2025-07-27 23:28:41.084] [INF] [] [Layout] [Avalonia.Layout.LayoutManager] Layout pass finished in "00:00:00.0001015"
[2025-07-27 23:28:41.732] [INF] [] [Layout] [Avalonia.Layout.LayoutManager] Started layout pass. To measure: 1 To arrange: 0
[2025-07-27 23:28:41.733] [INF] [] [Layout] [Avalonia.Layout.LayoutManager] Layout pass finished in "00:00:00.0000221"
[2025-07-27 23:28:41.740] [INF] [] [Layout] [Avalonia.Layout.LayoutManager] Started layout pass. To measure: 1 To arrange: 0
[2025-07-27 23:28:41.742] [INF] [] [Layout] [Avalonia.Layout.LayoutManager] Layout pass finished in "00:00:00.0000398"
[2025-07-27 23:28:43.431] [INF] [] [Layout] [Avalonia.Layout.LayoutManager] Started layout pass. To measure: 3 To arrange: 0
[2025-07-27 23:28:43.433] [INF] [] [Layout] [Avalonia.Layout.LayoutManager] Layout pass finished in "00:00:00.0001887"
[2025-07-27 23:28:43.436] [INF] [] [Layout] [Avalonia.Layout.LayoutManager] Started layout pass. To measure: 2 To arrange: 0
[2025-07-27 23:28:43.438] [INF] [] [Layout] [Avalonia.Layout.LayoutManager] Layout pass finished in "00:00:00.0003138"
[2025-07-27 23:28:43.443] [INF] [] [Layout] [Avalonia.Layout.LayoutManager] Started layout pass. To measure: 2 To arrange: 0
[2025-07-27 23:28:43.445] [INF] [] [Layout] [Avalonia.Layout.LayoutManager] Layout pass finished in "00:00:00.0002557"
[2025-07-27 23:28:43.457] [INF] [] [Layout] [Avalonia.Layout.LayoutManager] Started layout pass. To measure: 2 To arrange: 0
[2025-07-27 23:28:43.480] [INF] [] [Layout] [Avalonia.Layout.LayoutManager] Layout pass finished in "00:00:00.0002522"
[2025-07-27 23:28:43.484] [INF] [] [Layout] [Avalonia.Layout.LayoutManager] Started layout pass. To measure: 1 To arrange: 0
[2025-07-27 23:28:43.486] [INF] [] [Layout] [Avalonia.Layout.LayoutManager] Layout pass finished in "00:00:00.0000746"
[2025-07-27 23:28:43.491] [INF] [] [Layout] [Avalonia.Layout.LayoutManager] Started layout pass. To measure: 1 To arrange: 0
[2025-07-27 23:28:43.493] [INF] [] [Layout] [Avalonia.Layout.LayoutManager] Layout pass finished in "00:00:00.0000757"
[2025-07-27 23:28:43.499] [INF] [] [Layout] [Avalonia.Layout.LayoutManager] Started layout pass. To measure: 1 To arrange: 0
[2025-07-27 23:28:43.501] [INF] [] [Layout] [Avalonia.Layout.LayoutManager] Layout pass finished in "00:00:00.0000696"
[2025-07-27 23:28:43.505] [INF] [] [Layout] [Avalonia.Layout.LayoutManager] Started layout pass. To measure: 1 To arrange: 0
[2025-07-27 23:28:43.507] [INF] [] [Layout] [Avalonia.Layout.LayoutManager] Layout pass finished in "00:00:00.0000783"
[2025-07-27 23:28:43.512] [INF] [] [Layout] [Avalonia.Layout.LayoutManager] Started layout pass. To measure: 1 To arrange: 0
[2025-07-27 23:28:43.514] [INF] [] [Layout] [Avalonia.Layout.LayoutManager] Layout pass finished in "00:00:00.0000735"
[2025-07-27 23:28:43.526] [INF] [] [Layout] [Avalonia.Layout.LayoutManager] Started layout pass. To measure: 1 To arrange: 0
[2025-07-27 23:28:43.529] [INF] [] [Layout] [Avalonia.Layout.LayoutManager] Layout pass finished in "00:00:00.0000967"
[2025-07-27 23:28:43.540] [INF] [] [Layout] [Avalonia.Layout.LayoutManager] Started layout pass. To measure: 1 To arrange: 0
[2025-07-27 23:28:43.542] [INF] [] [Layout] [Avalonia.Layout.LayoutManager] Layout pass finished in "00:00:00.0000780"
[2025-07-27 23:28:43.547] [INF] [] [Layout] [Avalonia.Layout.LayoutManager] Started layout pass. To measure: 1 To arrange: 0
[2025-07-27 23:28:43.549] [INF] [] [Layout] [Avalonia.Layout.LayoutManager] Layout pass finished in "00:00:00.0000770"
[2025-07-27 23:28:43.554] [INF] [] [Layout] [Avalonia.Layout.LayoutManager] Started layout pass. To measure: 1 To arrange: 0
[2025-07-27 23:28:43.556] [INF] [] [Layout] [Avalonia.Layout.LayoutManager] Layout pass finished in "00:00:00.0000669"
[2025-07-27 23:28:43.561] [INF] [] [Layout] [Avalonia.Layout.LayoutManager] Started layout pass. To measure: 1 To arrange: 0
[2025-07-27 23:28:43.562] [INF] [] [Layout] [Avalonia.Layout.LayoutManager] Layout pass finished in "00:00:00.0000782"
[2025-07-27 23:28:43.568] [INF] [] [Layout] [Avalonia.Layout.LayoutManager] Started layout pass. To measure: 1 To arrange: 0
[2025-07-27 23:28:43.569] [INF] [] [Layout] [Avalonia.Layout.LayoutManager] Layout pass finished in "00:00:00.0000680"
[2025-07-27 23:28:43.575] [INF] [] [Layout] [Avalonia.Layout.LayoutManager] Started layout pass. To measure: 1 To arrange: 0
[2025-07-27 23:28:43.576] [INF] [] [Layout] [Avalonia.Layout.LayoutManager] Layout pass finished in "00:00:00.0000229"
[2025-07-27 23:28:43.582] [INF] [] [Layout] [Avalonia.Layout.LayoutManager] Started layout pass. To measure: 1 To arrange: 0
[2025-07-27 23:28:43.602] [INF] [] [Layout] [Avalonia.Layout.LayoutManager] Layout pass finished in "00:00:00.0000715"
[2025-07-27 23:28:43.609] [INF] [] [Layout] [Avalonia.Layout.LayoutManager] Started layout pass. To measure: 1 To arrange: 0
[2025-07-27 23:28:43.611] [INF] [] [Layout] [Avalonia.Layout.LayoutManager] Layout pass finished in "00:00:00.0000747"
[2025-07-27 23:28:43.616] [INF] [] [Layout] [Avalonia.Layout.LayoutManager] Started layout pass. To measure: 1 To arrange: 0
[2025-07-27 23:28:43.619] [INF] [] [Layout] [Avalonia.Layout.LayoutManager] Layout pass finished in "00:00:00.0000261"
[2025-07-27 23:28:43.631] [INF] [] [Layout] [Avalonia.Layout.LayoutManager] Started layout pass. To measure: 2 To arrange: 0
[2025-07-27 23:28:43.633] [INF] [] [Layout] [Avalonia.Layout.LayoutManager] Layout pass finished in "00:00:00.0003309"
[2025-07-27 23:28:43.646] [INF] [] [Layout] [Avalonia.Layout.LayoutManager] Started layout pass. To measure: 1 To arrange: 0
[2025-07-27 23:28:43.651] [INF] [] [Layout] [Avalonia.Layout.LayoutManager] Layout pass finished in "00:00:00.0001270"
[2025-07-27 23:28:43.659] [INF] [] [Layout] [Avalonia.Layout.LayoutManager] Started layout pass. To measure: 1 To arrange: 0
[2025-07-27 23:28:43.664] [INF] [] [Layout] [Avalonia.Layout.LayoutManager] Layout pass finished in "00:00:00.0008062"
[2025-07-27 23:28:43.680] [INF] [] [Layout] [Avalonia.Layout.LayoutManager] Started layout pass. To measure: 1 To arrange: 0
[2025-07-27 23:28:43.682] [INF] [] [Layout] [Avalonia.Layout.LayoutManager] Layout pass finished in "00:00:00.0000799"
[2025-07-27 23:28:43.693] [INF] [] [Layout] [Avalonia.Layout.LayoutManager] Started layout pass. To measure: 1 To arrange: 0
[2025-07-27 23:28:43.699] [INF] [] [Layout] [Avalonia.Layout.LayoutManager] Layout pass finished in "00:00:00.0004307"
[2025-07-27 23:28:43.718] [INF] [] [Layout] [Avalonia.Layout.LayoutManager] Started layout pass. To measure: 1 To arrange: 0
[2025-07-27 23:28:43.721] [INF] [] [Layout] [Avalonia.Layout.LayoutManager] Layout pass finished in "00:00:00.0001009"
[2025-07-27 23:28:43.742] [INF] [] [Layout] [Avalonia.Layout.LayoutManager] Started layout pass. To measure: 1 To arrange: 0
[2025-07-27 23:28:43.750] [INF] [] [Layout] [Avalonia.Layout.LayoutManager] Layout pass finished in "00:00:00.0001008"
[2025-07-27 23:28:43.863] [INF] [] [Layout] [Avalonia.Layout.LayoutManager] Started layout pass. To measure: 2 To arrange: 0
[2025-07-27 23:28:43.865] [INF] [] [Layout] [Avalonia.Layout.LayoutManager] Layout pass finished in "00:00:00.0002645"
[2025-07-27 23:28:43.866] [INF] [] [Layout] [Avalonia.Layout.LayoutManager] Started layout pass. To measure: 1 To arrange: 0
[2025-07-27 23:28:43.868] [INF] [] [Layout] [Avalonia.Layout.LayoutManager] Layout pass finished in "00:00:00.0001797"
[2025-07-27 23:28:43.874] [INF] [] [Layout] [Avalonia.Layout.LayoutManager] Started layout pass. To measure: 2 To arrange: 0
[2025-07-27 23:28:43.876] [INF] [] [Layout] [Avalonia.Layout.LayoutManager] Layout pass finished in "00:00:00.0002527"
[2025-07-27 23:28:43.880] [INF] [] [Layout] [Avalonia.Layout.LayoutManager] Started layout pass. To measure: 2 To arrange: 0
[2025-07-27 23:28:43.890] [INF] [] [Layout] [Avalonia.Layout.LayoutManager] Layout pass finished in "00:00:00.0003808"
[2025-07-27 23:28:43.901] [INF] [] [Layout] [Avalonia.Layout.LayoutManager] Started layout pass. To measure: 1 To arrange: 0
[2025-07-27 23:28:43.903] [INF] [] [Layout] [Avalonia.Layout.LayoutManager] Layout pass finished in "00:00:00.0000737"
[2025-07-27 23:28:43.908] [INF] [] [Layout] [Avalonia.Layout.LayoutManager] Started layout pass. To measure: 1 To arrange: 0
[2025-07-27 23:28:43.910] [INF] [] [Layout] [Avalonia.Layout.LayoutManager] Layout pass finished in "00:00:00.0000702"
[2025-07-27 23:28:43.915] [INF] [] [Layout] [Avalonia.Layout.LayoutManager] Started layout pass. To measure: 1 To arrange: 0
[2025-07-27 23:28:43.917] [INF] [] [Layout] [Avalonia.Layout.LayoutManager] Layout pass finished in "00:00:00.0000975"
[2025-07-27 23:28:43.922] [INF] [] [Layout] [Avalonia.Layout.LayoutManager] Started layout pass. To measure: 1 To arrange: 0
[2025-07-27 23:28:43.924] [INF] [] [Layout] [Avalonia.Layout.LayoutManager] Layout pass finished in "00:00:00.0000919"
[2025-07-27 23:28:43.929] [INF] [] [Layout] [Avalonia.Layout.LayoutManager] Started layout pass. To measure: 1 To arrange: 0
[2025-07-27 23:28:43.931] [INF] [] [Layout] [Avalonia.Layout.LayoutManager] Layout pass finished in "00:00:00.0000645"
[2025-07-27 23:28:43.936] [INF] [] [Layout] [Avalonia.Layout.LayoutManager] Started layout pass. To measure: 1 To arrange: 0
[2025-07-27 23:28:43.938] [INF] [] [Layout] [Avalonia.Layout.LayoutManager] Layout pass finished in "00:00:00.0000879"
[2025-07-27 23:28:43.943] [INF] [] [Layout] [Avalonia.Layout.LayoutManager] Started layout pass. To measure: 1 To arrange: 0
[2025-07-27 23:28:43.944] [INF] [] [Layout] [Avalonia.Layout.LayoutManager] Layout pass finished in "00:00:00.0000649"
[2025-07-27 23:28:43.950] [INF] [] [Layout] [Avalonia.Layout.LayoutManager] Started layout pass. To measure: 1 To arrange: 0
[2025-07-27 23:28:43.951] [INF] [] [Layout] [Avalonia.Layout.LayoutManager] Layout pass finished in "00:00:00.0000773"
[2025-07-27 23:28:43.957] [INF] [] [Layout] [Avalonia.Layout.LayoutManager] Started layout pass. To measure: 1 To arrange: 0
[2025-07-27 23:28:43.959] [INF] [] [Layout] [Avalonia.Layout.LayoutManager] Layout pass finished in "00:00:00.0000906"
[2025-07-27 23:28:43.964] [INF] [] [Layout] [Avalonia.Layout.LayoutManager] Started layout pass. To measure: 1 To arrange: 0
[2025-07-27 23:28:43.965] [INF] [] [Layout] [Avalonia.Layout.LayoutManager] Layout pass finished in "00:00:00.0000739"
[2025-07-27 23:28:43.971] [INF] [] [Layout] [Avalonia.Layout.LayoutManager] Started layout pass. To measure: 1 To arrange: 0
[2025-07-27 23:28:43.972] [INF] [] [Layout] [Avalonia.Layout.LayoutManager] Layout pass finished in "00:00:00.0000977"
[2025-07-27 23:28:43.985] [INF] [] [Layout] [Avalonia.Layout.LayoutManager] Started layout pass. To measure: 1 To arrange: 0
[2025-07-27 23:28:43.987] [INF] [] [Layout] [Avalonia.Layout.LayoutManager] Layout pass finished in "00:00:00.0000962"
[2025-07-27 23:28:43.998] [INF] [] [Layout] [Avalonia.Layout.LayoutManager] Started layout pass. To measure: 1 To arrange: 0
[2025-07-27 23:28:44.000] [INF] [] [Layout] [Avalonia.Layout.LayoutManager] Layout pass finished in "00:00:00.0000964"
[2025-07-27 23:28:44.005] [INF] [] [Layout] [Avalonia.Layout.LayoutManager] Started layout pass. To measure: 1 To arrange: 0
[2025-07-27 23:28:44.007] [INF] [] [Layout] [Avalonia.Layout.LayoutManager] Layout pass finished in "00:00:00.0000233"
[2025-07-27 23:28:44.012] [INF] [] [Layout] [Avalonia.Layout.LayoutManager] Started layout pass. To measure: 1 To arrange: 0
[2025-07-27 23:28:44.014] [INF] [] [Layout] [Avalonia.Layout.LayoutManager] Layout pass finished in "00:00:00.0000653"
[2025-07-27 23:28:44.019] [INF] [] [Layout] [Avalonia.Layout.LayoutManager] Started layout pass. To measure: 1 To arrange: 0
[2025-07-27 23:28:44.021] [INF] [] [Layout] [Avalonia.Layout.LayoutManager] Layout pass finished in "00:00:00.0000175"
[2025-07-27 23:28:44.026] [INF] [] [Layout] [Avalonia.Layout.LayoutManager] Started layout pass. To measure: 1 To arrange: 0
[2025-07-27 23:28:44.028] [INF] [] [Layout] [Avalonia.Layout.LayoutManager] Layout pass finished in "00:00:00.0000192"
[2025-07-27 23:28:44.033] [INF] [] [Layout] [Avalonia.Layout.LayoutManager] Started layout pass. To measure: 1 To arrange: 0
[2025-07-27 23:28:44.034] [INF] [] [Layout] [Avalonia.Layout.LayoutManager] Layout pass finished in "00:00:00.0000210"
[2025-07-27 23:28:44.047] [INF] [] [Layout] [Avalonia.Layout.LayoutManager] Started layout pass. To measure: 1 To arrange: 0
[2025-07-27 23:28:44.049] [INF] [] [Layout] [Avalonia.Layout.LayoutManager] Layout pass finished in "00:00:00.0000241"
[2025-07-27 23:28:44.054] [INF] [] [Layout] [Avalonia.Layout.LayoutManager] Started layout pass. To measure: 1 To arrange: 0
[2025-07-27 23:28:44.056] [INF] [] [Layout] [Avalonia.Layout.LayoutManager] Layout pass finished in "00:00:00.0000230"
[2025-07-27 23:28:44.061] [INF] [] [Layout] [Avalonia.Layout.LayoutManager] Started layout pass. To measure: 1 To arrange: 0
[2025-07-27 23:28:44.063] [INF] [] [Layout] [Avalonia.Layout.LayoutManager] Layout pass finished in "00:00:00.0000212"
[2025-07-27 23:28:44.419] [INF] [] [Layout] [Avalonia.Layout.LayoutManager] Started layout pass. To measure: 2 To arrange: 0
[2025-07-27 23:28:44.455] [INF] [] [Layout] [Avalonia.Layout.LayoutManager] Layout pass finished in "00:00:00.0003129"
[2025-07-27 23:28:44.464] [INF] [] [Layout] [Avalonia.Layout.LayoutManager] Started layout pass. To measure: 1 To arrange: 0
[2025-07-27 23:28:44.465] [INF] [] [Layout] [Avalonia.Layout.LayoutManager] Layout pass finished in "00:00:00.0000632"
[2025-07-27 23:28:44.471] [INF] [] [Layout] [Avalonia.Layout.LayoutManager] Started layout pass. To measure: 1 To arrange: 0
[2025-07-27 23:28:44.472] [INF] [] [Layout] [Avalonia.Layout.LayoutManager] Layout pass finished in "00:00:00.0000641"
[2025-07-27 23:28:44.477] [INF] [] [Layout] [Avalonia.Layout.LayoutManager] Started layout pass. To measure: 1 To arrange: 0
[2025-07-27 23:28:44.479] [INF] [] [Layout] [Avalonia.Layout.LayoutManager] Layout pass finished in "00:00:00.0000700"
[2025-07-27 23:28:44.484] [INF] [] [Layout] [Avalonia.Layout.LayoutManager] Started layout pass. To measure: 1 To arrange: 0
[2025-07-27 23:28:44.486] [INF] [] [Layout] [Avalonia.Layout.LayoutManager] Layout pass finished in "00:00:00.0001334"
[2025-07-27 23:28:44.491] [INF] [] [Layout] [Avalonia.Layout.LayoutManager] Started layout pass. To measure: 1 To arrange: 0
[2025-07-27 23:28:44.493] [INF] [] [Layout] [Avalonia.Layout.LayoutManager] Layout pass finished in "00:00:00.0000574"
[2025-07-27 23:28:44.498] [INF] [] [Layout] [Avalonia.Layout.LayoutManager] Started layout pass. To measure: 1 To arrange: 0
[2025-07-27 23:28:44.500] [INF] [] [Layout] [Avalonia.Layout.LayoutManager] Layout pass finished in "00:00:00.0000675"
[2025-07-27 23:28:44.512] [INF] [] [Layout] [Avalonia.Layout.LayoutManager] Started layout pass. To measure: 1 To arrange: 0
[2025-07-27 23:28:44.514] [INF] [] [Layout] [Avalonia.Layout.LayoutManager] Layout pass finished in "00:00:00.0000201"
[2025-07-27 23:28:44.527] [INF] [] [Layout] [Avalonia.Layout.LayoutManager] Started layout pass. To measure: 1 To arrange: 0
[2025-07-27 23:28:44.529] [INF] [] [Layout] [Avalonia.Layout.LayoutManager] Layout pass finished in "00:00:00.0001032"
[2025-07-27 23:28:44.854] [INF] [] [Layout] [Avalonia.Layout.LayoutManager] Started layout pass. To measure: 3 To arrange: 0
[2025-07-27 23:28:44.860] [INF] [] [Layout] [Avalonia.Layout.LayoutManager] Layout pass finished in "00:00:00.0005039"
[2025-07-27 23:28:44.868] [INF] [] [Layout] [Avalonia.Layout.LayoutManager] Started layout pass. To measure: 2 To arrange: 0
[2025-07-27 23:28:44.874] [INF] [] [Layout] [Avalonia.Layout.LayoutManager] Layout pass finished in "00:00:00.0003024"
[2025-07-27 23:28:44.881] [INF] [] [Layout] [Avalonia.Layout.LayoutManager] Started layout pass. To measure: 2 To arrange: 0
[2025-07-27 23:28:44.887] [INF] [] [Layout] [Avalonia.Layout.LayoutManager] Layout pass finished in "00:00:00.0003661"
[2025-07-27 23:28:44.903] [INF] [] [Layout] [Avalonia.Layout.LayoutManager] Started layout pass. To measure: 1 To arrange: 0
[2025-07-27 23:28:44.915] [INF] [] [Layout] [Avalonia.Layout.LayoutManager] Layout pass finished in "00:00:00.0014374"
[2025-07-27 23:28:44.959] [INF] [] [Layout] [Avalonia.Layout.LayoutManager] Started layout pass. To measure: 1 To arrange: 0
[2025-07-27 23:28:44.960] [INF] [] [Layout] [Avalonia.Layout.LayoutManager] Layout pass finished in "00:00:00.0000685"
[2025-07-27 23:28:44.975] [INF] [] [Layout] [Avalonia.Layout.LayoutManager] Started layout pass. To measure: 1 To arrange: 0
[2025-07-27 23:28:44.979] [INF] [] [Layout] [Avalonia.Layout.LayoutManager] Layout pass finished in "00:00:00.0003873"
[2025-07-27 23:28:44.985] [INF] [] [Layout] [Avalonia.Layout.LayoutManager] Started layout pass. To measure: 1 To arrange: 0
[2025-07-27 23:28:44.986] [INF] [] [Layout] [Avalonia.Layout.LayoutManager] Layout pass finished in "00:00:00.0000764"
[2025-07-27 23:28:44.991] [INF] [] [Layout] [Avalonia.Layout.LayoutManager] Started layout pass. To measure: 1 To arrange: 0
[2025-07-27 23:28:44.993] [INF] [] [Layout] [Avalonia.Layout.LayoutManager] Layout pass finished in "00:00:00.0000667"
[2025-07-27 23:28:44.999] [INF] [] [Layout] [Avalonia.Layout.LayoutManager] Started layout pass. To measure: 1 To arrange: 0
[2025-07-27 23:28:45.005] [INF] [] [Layout] [Avalonia.Layout.LayoutManager] Layout pass finished in "00:00:00.0000272"
[2025-07-27 23:28:45.050] [INF] [] [Layout] [Avalonia.Layout.LayoutManager] Started layout pass. To measure: 1 To arrange: 0
[2025-07-27 23:28:45.051] [INF] [] [Layout] [Avalonia.Layout.LayoutManager] Layout pass finished in "00:00:00.0000844"
[2025-07-27 23:28:45.063] [INF] [] [Layout] [Avalonia.Layout.LayoutManager] Started layout pass. To measure: 1 To arrange: 0
[2025-07-27 23:28:45.067] [INF] [] [Layout] [Avalonia.Layout.LayoutManager] Layout pass finished in "00:00:00.0000304"
[2025-07-27 23:28:45.412] [INF] [] [Layout] [Avalonia.Layout.LayoutManager] Started layout pass. To measure: 2 To arrange: 0
[2025-07-27 23:28:45.414] [INF] [] [Layout] [Avalonia.Layout.LayoutManager] Layout pass finished in "00:00:00.0002660"
[2025-07-27 23:28:45.422] [INF] [] [Layout] [Avalonia.Layout.LayoutManager] Started layout pass. To measure: 1 To arrange: 0
[2025-07-27 23:28:45.440] [INF] [] [Layout] [Avalonia.Layout.LayoutManager] Layout pass finished in "00:00:00.0001332"
[2025-07-27 23:28:45.450] [INF] [] [Layout] [Avalonia.Layout.LayoutManager] Started layout pass. To measure: 1 To arrange: 0
[2025-07-27 23:28:45.451] [INF] [] [Layout] [Avalonia.Layout.LayoutManager] Layout pass finished in "00:00:00.0000719"
[2025-07-27 23:28:45.457] [INF] [] [Layout] [Avalonia.Layout.LayoutManager] Started layout pass. To measure: 1 To arrange: 0
[2025-07-27 23:28:45.459] [INF] [] [Layout] [Avalonia.Layout.LayoutManager] Layout pass finished in "00:00:00.0000894"
[2025-07-27 23:28:45.470] [INF] [] [Layout] [Avalonia.Layout.LayoutManager] Started layout pass. To measure: 1 To arrange: 0
[2025-07-27 23:28:45.472] [INF] [] [Layout] [Avalonia.Layout.LayoutManager] Layout pass finished in "00:00:00.0001017"
[2025-07-27 23:28:45.484] [INF] [] [Layout] [Avalonia.Layout.LayoutManager] Started layout pass. To measure: 1 To arrange: 0
[2025-07-27 23:28:45.486] [INF] [] [Layout] [Avalonia.Layout.LayoutManager] Layout pass finished in "00:00:00.0000845"
[2025-07-27 23:28:45.499] [INF] [] [Layout] [Avalonia.Layout.LayoutManager] Started layout pass. To measure: 1 To arrange: 0
[2025-07-27 23:28:45.500] [INF] [] [Layout] [Avalonia.Layout.LayoutManager] Layout pass finished in "00:00:00.0000861"
[2025-07-27 23:28:45.505] [INF] [] [Layout] [Avalonia.Layout.LayoutManager] Started layout pass. To measure: 1 To arrange: 0
[2025-07-27 23:28:45.507] [INF] [] [Layout] [Avalonia.Layout.LayoutManager] Layout pass finished in "00:00:00.0000182"
[2025-07-27 23:28:45.512] [INF] [] [Layout] [Avalonia.Layout.LayoutManager] Started layout pass. To measure: 1 To arrange: 0
[2025-07-27 23:28:45.514] [INF] [] [Layout] [Avalonia.Layout.LayoutManager] Layout pass finished in "00:00:00.0000185"
[2025-07-27 23:28:45.526] [INF] [] [Layout] [Avalonia.Layout.LayoutManager] Started layout pass. To measure: 1 To arrange: 0
[2025-07-27 23:28:45.528] [INF] [] [Layout] [Avalonia.Layout.LayoutManager] Layout pass finished in "00:00:00.0000956"
[2025-07-27 23:28:45.871] [INF] [] [Layout] [Avalonia.Layout.LayoutManager] Started layout pass. To measure: 3 To arrange: 0
[2025-07-27 23:28:45.873] [INF] [] [Layout] [Avalonia.Layout.LayoutManager] Layout pass finished in "00:00:00.0002303"
[2025-07-27 23:28:45.881] [INF] [] [Layout] [Avalonia.Layout.LayoutManager] Started layout pass. To measure: 2 To arrange: 0
[2025-07-27 23:28:45.883] [INF] [] [Layout] [Avalonia.Layout.LayoutManager] Layout pass finished in "00:00:00.0003014"
[2025-07-27 23:28:45.887] [INF] [] [Layout] [Avalonia.Layout.LayoutManager] Started layout pass. To measure: 2 To arrange: 0
[2025-07-27 23:28:45.890] [INF] [] [Layout] [Avalonia.Layout.LayoutManager] Layout pass finished in "00:00:00.0002909"
[2025-07-27 23:28:45.901] [INF] [] [Layout] [Avalonia.Layout.LayoutManager] Started layout pass. To measure: 2 To arrange: 0
[2025-07-27 23:28:45.903] [INF] [] [Layout] [Avalonia.Layout.LayoutManager] Layout pass finished in "00:00:00.0002549"
[2025-07-27 23:28:45.916] [INF] [] [Layout] [Avalonia.Layout.LayoutManager] Started layout pass. To measure: 1 To arrange: 0
[2025-07-27 23:28:45.917] [INF] [] [Layout] [Avalonia.Layout.LayoutManager] Layout pass finished in "00:00:00.0001001"
[2025-07-27 23:28:45.929] [INF] [] [Layout] [Avalonia.Layout.LayoutManager] Started layout pass. To measure: 1 To arrange: 0
[2025-07-27 23:28:45.931] [INF] [] [Layout] [Avalonia.Layout.LayoutManager] Layout pass finished in "00:00:00.0000849"
[2025-07-27 23:28:45.936] [INF] [] [Layout] [Avalonia.Layout.LayoutManager] Started layout pass. To measure: 1 To arrange: 0
[2025-07-27 23:28:45.937] [INF] [] [Layout] [Avalonia.Layout.LayoutManager] Layout pass finished in "00:00:00.0000696"
[2025-07-27 23:28:45.943] [INF] [] [Layout] [Avalonia.Layout.LayoutManager] Started layout pass. To measure: 1 To arrange: 0
[2025-07-27 23:28:45.944] [INF] [] [Layout] [Avalonia.Layout.LayoutManager] Layout pass finished in "00:00:00.0000878"
[2025-07-27 23:28:45.950] [INF] [] [Layout] [Avalonia.Layout.LayoutManager] Started layout pass. To measure: 1 To arrange: 0
[2025-07-27 23:28:45.952] [INF] [] [Layout] [Avalonia.Layout.LayoutManager] Layout pass finished in "00:00:00.0000902"
[2025-07-27 23:28:45.957] [INF] [] [Layout] [Avalonia.Layout.LayoutManager] Started layout pass. To measure: 1 To arrange: 0
[2025-07-27 23:28:45.958] [INF] [] [Layout] [Avalonia.Layout.LayoutManager] Layout pass finished in "00:00:00.0000702"
[2025-07-27 23:28:45.964] [INF] [] [Layout] [Avalonia.Layout.LayoutManager] Started layout pass. To measure: 1 To arrange: 0
[2025-07-27 23:28:45.965] [INF] [] [Layout] [Avalonia.Layout.LayoutManager] Layout pass finished in "00:00:00.0000910"
[2025-07-27 23:28:45.970] [INF] [] [Layout] [Avalonia.Layout.LayoutManager] Started layout pass. To measure: 1 To arrange: 0
[2025-07-27 23:28:45.972] [INF] [] [Layout] [Avalonia.Layout.LayoutManager] Layout pass finished in "00:00:00.0000676"
[2025-07-27 23:28:45.984] [INF] [] [Layout] [Avalonia.Layout.LayoutManager] Started layout pass. To measure: 1 To arrange: 0
[2025-07-27 23:28:45.986] [INF] [] [Layout] [Avalonia.Layout.LayoutManager] Layout pass finished in "00:00:00.0000837"
[2025-07-27 23:28:45.991] [INF] [] [Layout] [Avalonia.Layout.LayoutManager] Started layout pass. To measure: 1 To arrange: 0
[2025-07-27 23:28:45.993] [INF] [] [Layout] [Avalonia.Layout.LayoutManager] Layout pass finished in "00:00:00.0000749"
[2025-07-27 23:28:45.998] [INF] [] [Layout] [Avalonia.Layout.LayoutManager] Started layout pass. To measure: 1 To arrange: 0
[2025-07-27 23:28:46.000] [INF] [] [Layout] [Avalonia.Layout.LayoutManager] Layout pass finished in "00:00:00.0000696"
[2025-07-27 23:28:46.005] [INF] [] [Layout] [Avalonia.Layout.LayoutManager] Started layout pass. To measure: 1 To arrange: 0
[2025-07-27 23:28:46.007] [INF] [] [Layout] [Avalonia.Layout.LayoutManager] Layout pass finished in "00:00:00.0000188"
[2025-07-27 23:28:46.012] [INF] [] [Layout] [Avalonia.Layout.LayoutManager] Started layout pass. To measure: 1 To arrange: 0
[2025-07-27 23:28:46.014] [INF] [] [Layout] [Avalonia.Layout.LayoutManager] Layout pass finished in "00:00:00.0000713"
[2025-07-27 23:28:46.019] [INF] [] [Layout] [Avalonia.Layout.LayoutManager] Started layout pass. To measure: 1 To arrange: 0
[2025-07-27 23:28:46.021] [INF] [] [Layout] [Avalonia.Layout.LayoutManager] Layout pass finished in "00:00:00.0000249"
[2025-07-27 23:28:46.034] [INF] [] [Layout] [Avalonia.Layout.LayoutManager] Started layout pass. To measure: 1 To arrange: 0
[2025-07-27 23:28:46.036] [INF] [] [Layout] [Avalonia.Layout.LayoutManager] Layout pass finished in "00:00:00.0000698"
[2025-07-27 23:28:46.047] [INF] [] [Layout] [Avalonia.Layout.LayoutManager] Started layout pass. To measure: 1 To arrange: 0
[2025-07-27 23:28:46.051] [INF] [] [Layout] [Avalonia.Layout.LayoutManager] Layout pass finished in "00:00:00.0004499"
[2025-07-27 23:28:46.061] [INF] [] [Layout] [Avalonia.Layout.LayoutManager] Started layout pass. To measure: 1 To arrange: 0
[2025-07-27 23:28:46.062] [INF] [] [Layout] [Avalonia.Layout.LayoutManager] Layout pass finished in "00:00:00.0000187"
[2025-07-27 23:28:46.072] [INF] [] [Layout] [Avalonia.Layout.LayoutManager] Started layout pass. To measure: 1 To arrange: 0
[2025-07-27 23:28:46.074] [INF] [] [Layout] [Avalonia.Layout.LayoutManager] Layout pass finished in "00:00:00.0000303"
[2025-07-27 23:28:46.372] [INF] [] [Layout] [Avalonia.Layout.LayoutManager] Started layout pass. To measure: 2 To arrange: 0
[2025-07-27 23:28:46.375] [INF] [] [Layout] [Avalonia.Layout.LayoutManager] Layout pass finished in "00:00:00.0002966"
[2025-07-27 23:28:46.380] [INF] [] [Layout] [Avalonia.Layout.LayoutManager] Started layout pass. To measure: 1 To arrange: 0
[2025-07-27 23:28:46.382] [INF] [] [Layout] [Avalonia.Layout.LayoutManager] Layout pass finished in "00:00:00.0000867"
[2025-07-27 23:28:46.387] [INF] [] [Layout] [Avalonia.Layout.LayoutManager] Started layout pass. To measure: 1 To arrange: 0
[2025-07-27 23:28:46.389] [INF] [] [Layout] [Avalonia.Layout.LayoutManager] Layout pass finished in "00:00:00.0000706"
[2025-07-27 23:28:46.395] [INF] [] [Layout] [Avalonia.Layout.LayoutManager] Started layout pass. To measure: 1 To arrange: 0
[2025-07-27 23:28:46.396] [INF] [] [Layout] [Avalonia.Layout.LayoutManager] Layout pass finished in "00:00:00.0000768"
[2025-07-27 23:28:46.408] [INF] [] [Layout] [Avalonia.Layout.LayoutManager] Started layout pass. To measure: 1 To arrange: 0
[2025-07-27 23:28:46.410] [INF] [] [Layout] [Avalonia.Layout.LayoutManager] Layout pass finished in "00:00:00.0000847"
[2025-07-27 23:28:46.415] [INF] [] [Layout] [Avalonia.Layout.LayoutManager] Started layout pass. To measure: 1 To arrange: 0
[2025-07-27 23:28:46.417] [INF] [] [Layout] [Avalonia.Layout.LayoutManager] Layout pass finished in "00:00:00.0000669"
[2025-07-27 23:28:46.422] [INF] [] [Layout] [Avalonia.Layout.LayoutManager] Started layout pass. To measure: 1 To arrange: 0
[2025-07-27 23:28:46.423] [INF] [] [Layout] [Avalonia.Layout.LayoutManager] Layout pass finished in "00:00:00.0000678"
[2025-07-27 23:28:46.429] [INF] [] [Layout] [Avalonia.Layout.LayoutManager] Started layout pass. To measure: 1 To arrange: 0
[2025-07-27 23:28:46.431] [INF] [] [Layout] [Avalonia.Layout.LayoutManager] Layout pass finished in "00:00:00.0000889"
[2025-07-27 23:28:46.443] [INF] [] [Layout] [Avalonia.Layout.LayoutManager] Started layout pass. To measure: 1 To arrange: 0
[2025-07-27 23:28:46.444] [INF] [] [Layout] [Avalonia.Layout.LayoutManager] Layout pass finished in "00:00:00.0000675"
[2025-07-27 23:28:46.450] [INF] [] [Layout] [Avalonia.Layout.LayoutManager] Started layout pass. To measure: 1 To arrange: 0
[2025-07-27 23:28:46.451] [INF] [] [Layout] [Avalonia.Layout.LayoutManager] Layout pass finished in "00:00:00.0000880"
[2025-07-27 23:28:46.464] [INF] [] [Layout] [Avalonia.Layout.LayoutManager] Started layout pass. To measure: 1 To arrange: 0
[2025-07-27 23:28:46.465] [INF] [] [Layout] [Avalonia.Layout.LayoutManager] Layout pass finished in "00:00:00.0000182"
[2025-07-27 23:28:46.470] [INF] [] [Layout] [Avalonia.Layout.LayoutManager] Started layout pass. To measure: 1 To arrange: 0
[2025-07-27 23:28:46.472] [INF] [] [Layout] [Avalonia.Layout.LayoutManager] Layout pass finished in "00:00:00.0000172"
[2025-07-27 23:28:46.484] [INF] [] [Layout] [Avalonia.Layout.LayoutManager] Started layout pass. To measure: 1 To arrange: 0
[2025-07-27 23:28:46.486] [INF] [] [Layout] [Avalonia.Layout.LayoutManager] Layout pass finished in "00:00:00.0000556"
[2025-07-27 23:28:46.971] [INF] [] [Layout] [Avalonia.Layout.LayoutManager] Started layout pass. To measure: 3 To arrange: 0
[2025-07-27 23:28:46.973] [INF] [] [Layout] [Avalonia.Layout.LayoutManager] Layout pass finished in "00:00:00.0001834"
[2025-07-27 23:28:46.978] [INF] [] [Layout] [Avalonia.Layout.LayoutManager] Started layout pass. To measure: 2 To arrange: 0
[2025-07-27 23:28:46.980] [INF] [] [Layout] [Avalonia.Layout.LayoutManager] Layout pass finished in "00:00:00.0002410"
[2025-07-27 23:28:46.985] [INF] [] [Layout] [Avalonia.Layout.LayoutManager] Started layout pass. To measure: 2 To arrange: 0
[2025-07-27 23:28:46.987] [INF] [] [Layout] [Avalonia.Layout.LayoutManager] Layout pass finished in "00:00:00.0002635"
[2025-07-27 23:28:46.992] [INF] [] [Layout] [Avalonia.Layout.LayoutManager] Started layout pass. To measure: 2 To arrange: 0
[2025-07-27 23:28:46.994] [INF] [] [Layout] [Avalonia.Layout.LayoutManager] Layout pass finished in "00:00:00.0002220"
[2025-07-27 23:28:46.999] [INF] [] [Layout] [Avalonia.Layout.LayoutManager] Started layout pass. To measure: 1 To arrange: 0
[2025-07-27 23:28:47.000] [INF] [] [Layout] [Avalonia.Layout.LayoutManager] Layout pass finished in "00:00:00.0001101"
[2025-07-27 23:28:47.006] [INF] [] [Layout] [Avalonia.Layout.LayoutManager] Started layout pass. To measure: 1 To arrange: 0
[2025-07-27 23:28:47.007] [INF] [] [Layout] [Avalonia.Layout.LayoutManager] Layout pass finished in "00:00:00.0000715"
[2025-07-27 23:28:47.013] [INF] [] [Layout] [Avalonia.Layout.LayoutManager] Started layout pass. To measure: 1 To arrange: 0
[2025-07-27 23:28:47.014] [INF] [] [Layout] [Avalonia.Layout.LayoutManager] Layout pass finished in "00:00:00.0000705"
[2025-07-27 23:28:47.019] [INF] [] [Layout] [Avalonia.Layout.LayoutManager] Started layout pass. To measure: 1 To arrange: 0
[2025-07-27 23:28:47.021] [INF] [] [Layout] [Avalonia.Layout.LayoutManager] Layout pass finished in "00:00:00.0000689"
[2025-07-27 23:28:47.026] [INF] [] [Layout] [Avalonia.Layout.LayoutManager] Started layout pass. To measure: 1 To arrange: 0
[2025-07-27 23:28:47.028] [INF] [] [Layout] [Avalonia.Layout.LayoutManager] Layout pass finished in "00:00:00.0000732"
[2025-07-27 23:28:47.033] [INF] [] [Layout] [Avalonia.Layout.LayoutManager] Started layout pass. To measure: 1 To arrange: 0
[2025-07-27 23:28:47.035] [INF] [] [Layout] [Avalonia.Layout.LayoutManager] Layout pass finished in "00:00:00.0000688"
[2025-07-27 23:28:47.040] [INF] [] [Layout] [Avalonia.Layout.LayoutManager] Started layout pass. To measure: 1 To arrange: 0
[2025-07-27 23:28:47.042] [INF] [] [Layout] [Avalonia.Layout.LayoutManager] Layout pass finished in "00:00:00.0000842"
[2025-07-27 23:28:47.054] [INF] [] [Layout] [Avalonia.Layout.LayoutManager] Started layout pass. To measure: 1 To arrange: 0
[2025-07-27 23:28:47.056] [INF] [] [Layout] [Avalonia.Layout.LayoutManager] Layout pass finished in "00:00:00.0000724"
[2025-07-27 23:28:47.068] [INF] [] [Layout] [Avalonia.Layout.LayoutManager] Started layout pass. To measure: 1 To arrange: 0
[2025-07-27 23:28:47.070] [INF] [] [Layout] [Avalonia.Layout.LayoutManager] Layout pass finished in "00:00:00.0000756"
[2025-07-27 23:28:47.082] [INF] [] [Layout] [Avalonia.Layout.LayoutManager] Started layout pass. To measure: 1 To arrange: 0
[2025-07-27 23:28:47.084] [INF] [] [Layout] [Avalonia.Layout.LayoutManager] Layout pass finished in "00:00:00.0000707"
[2025-07-27 23:28:47.089] [INF] [] [Layout] [Avalonia.Layout.LayoutManager] Started layout pass. To measure: 1 To arrange: 0
[2025-07-27 23:28:47.091] [INF] [] [Layout] [Avalonia.Layout.LayoutManager] Layout pass finished in "00:00:00.0000700"
[2025-07-27 23:28:47.096] [INF] [] [Layout] [Avalonia.Layout.LayoutManager] Started layout pass. To measure: 1 To arrange: 0
[2025-07-27 23:28:47.097] [INF] [] [Layout] [Avalonia.Layout.LayoutManager] Layout pass finished in "00:00:00.0000741"
[2025-07-27 23:28:47.103] [INF] [] [Layout] [Avalonia.Layout.LayoutManager] Started layout pass. To measure: 1 To arrange: 0
[2025-07-27 23:28:47.104] [INF] [] [Layout] [Avalonia.Layout.LayoutManager] Layout pass finished in "00:00:00.0000193"
[2025-07-27 23:28:47.110] [INF] [] [Layout] [Avalonia.Layout.LayoutManager] Started layout pass. To measure: 1 To arrange: 0
[2025-07-27 23:28:47.111] [INF] [] [Layout] [Avalonia.Layout.LayoutManager] Layout pass finished in "00:00:00.0000700"
[2025-07-27 23:28:47.124] [INF] [] [Layout] [Avalonia.Layout.LayoutManager] Started layout pass. To measure: 1 To arrange: 0
[2025-07-27 23:28:47.126] [INF] [] [Layout] [Avalonia.Layout.LayoutManager] Layout pass finished in "00:00:00.0000710"
[2025-07-27 23:28:47.137] [INF] [] [Layout] [Avalonia.Layout.LayoutManager] Started layout pass. To measure: 1 To arrange: 0
[2025-07-27 23:28:47.139] [INF] [] [Layout] [Avalonia.Layout.LayoutManager] Layout pass finished in "00:00:00.0000201"
[2025-07-27 23:28:47.145] [INF] [] [Layout] [Avalonia.Layout.LayoutManager] Started layout pass. To measure: 1 To arrange: 0
[2025-07-27 23:28:47.147] [INF] [] [Layout] [Avalonia.Layout.LayoutManager] Layout pass finished in "00:00:00.0000211"
[2025-07-27 23:28:47.152] [INF] [] [Layout] [Avalonia.Layout.LayoutManager] Started layout pass. To measure: 1 To arrange: 0
[2025-07-27 23:28:47.153] [INF] [] [Layout] [Avalonia.Layout.LayoutManager] Layout pass finished in "00:00:00.0000196"
[2025-07-27 23:28:47.158] [INF] [] [Layout] [Avalonia.Layout.LayoutManager] Started layout pass. To measure: 1 To arrange: 0
[2025-07-27 23:28:47.160] [INF] [] [Layout] [Avalonia.Layout.LayoutManager] Layout pass finished in "00:00:00.0000201"
[2025-07-27 23:28:47.165] [INF] [] [Layout] [Avalonia.Layout.LayoutManager] Started layout pass. To measure: 1 To arrange: 0
[2025-07-27 23:28:47.167] [INF] [] [Layout] [Avalonia.Layout.LayoutManager] Layout pass finished in "00:00:00.0000205"
[2025-07-27 23:28:47.173] [INF] [] [Layout] [Avalonia.Layout.LayoutManager] Started layout pass. To measure: 1 To arrange: 0
[2025-07-27 23:28:47.174] [INF] [] [Layout] [Avalonia.Layout.LayoutManager] Layout pass finished in "00:00:00.0000201"
[2025-07-27 23:28:47.479] [INF] [] [Layout] [Avalonia.Layout.LayoutManager] Started layout pass. To measure: 2 To arrange: 0
[2025-07-27 23:28:47.481] [INF] [] [Layout] [Avalonia.Layout.LayoutManager] Layout pass finished in "00:00:00.0002301"
[2025-07-27 23:28:47.485] [INF] [] [Layout] [Avalonia.Layout.LayoutManager] Started layout pass. To measure: 1 To arrange: 0
[2025-07-27 23:28:47.486] [INF] [] [Layout] [Avalonia.Layout.LayoutManager] Layout pass finished in "00:00:00.0000816"
[2025-07-27 23:28:47.492] [INF] [] [Layout] [Avalonia.Layout.LayoutManager] Started layout pass. To measure: 1 To arrange: 0
[2025-07-27 23:28:47.494] [INF] [] [Layout] [Avalonia.Layout.LayoutManager] Layout pass finished in "00:00:00.0000857"
[2025-07-27 23:28:47.506] [INF] [] [Layout] [Avalonia.Layout.LayoutManager] Started layout pass. To measure: 1 To arrange: 0
[2025-07-27 23:28:47.508] [INF] [] [Layout] [Avalonia.Layout.LayoutManager] Layout pass finished in "00:00:00.0000958"
[2025-07-27 23:28:47.519] [INF] [] [Layout] [Avalonia.Layout.LayoutManager] Started layout pass. To measure: 1 To arrange: 0
[2025-07-27 23:28:47.521] [INF] [] [Layout] [Avalonia.Layout.LayoutManager] Layout pass finished in "00:00:00.0000695"
[2025-07-27 23:28:47.526] [INF] [] [Layout] [Avalonia.Layout.LayoutManager] Started layout pass. To measure: 1 To arrange: 0
[2025-07-27 23:28:47.528] [INF] [] [Layout] [Avalonia.Layout.LayoutManager] Layout pass finished in "00:00:00.0000795"
[2025-07-27 23:28:47.533] [INF] [] [Layout] [Avalonia.Layout.LayoutManager] Started layout pass. To measure: 1 To arrange: 0
[2025-07-27 23:28:47.535] [INF] [] [Layout] [Avalonia.Layout.LayoutManager] Layout pass finished in "00:00:00.0000701"
[2025-07-27 23:28:47.540] [INF] [] [Layout] [Avalonia.Layout.LayoutManager] Started layout pass. To measure: 1 To arrange: 0
[2025-07-27 23:28:47.541] [INF] [] [Layout] [Avalonia.Layout.LayoutManager] Layout pass finished in "00:00:00.0000671"
[2025-07-27 23:28:47.547] [INF] [] [Layout] [Avalonia.Layout.LayoutManager] Started layout pass. To measure: 1 To arrange: 0
[2025-07-27 23:28:47.548] [INF] [] [Layout] [Avalonia.Layout.LayoutManager] Layout pass finished in "00:00:00.0000700"
[2025-07-27 23:28:47.554] [INF] [] [Layout] [Avalonia.Layout.LayoutManager] Started layout pass. To measure: 1 To arrange: 0
[2025-07-27 23:28:47.555] [INF] [] [Layout] [Avalonia.Layout.LayoutManager] Layout pass finished in "00:00:00.0000176"
[2025-07-27 23:28:47.562] [INF] [] [Layout] [Avalonia.Layout.LayoutManager] Started layout pass. To measure: 1 To arrange: 0
[2025-07-27 23:28:47.564] [INF] [] [Layout] [Avalonia.Layout.LayoutManager] Layout pass finished in "00:00:00.0000662"
[2025-07-27 23:28:47.574] [INF] [] [Layout] [Avalonia.Layout.LayoutManager] Started layout pass. To measure: 1 To arrange: 0
[2025-07-27 23:28:47.577] [INF] [] [Layout] [Avalonia.Layout.LayoutManager] Layout pass finished in "00:00:00.0000722"
[2025-07-27 23:28:47.581] [INF] [] [Layout] [Avalonia.Layout.LayoutManager] Started layout pass. To measure: 1 To arrange: 0
[2025-07-27 23:28:47.584] [INF] [] [Layout] [Avalonia.Layout.LayoutManager] Layout pass finished in "00:00:00.0000557"
[2025-07-27 23:28:48.431] [INF] [] [Layout] [Avalonia.Layout.LayoutManager] Started layout pass. To measure: 4 To arrange: 0
[2025-07-27 23:28:48.436] [INF] [] [Layout] [Avalonia.Layout.LayoutManager] Layout pass finished in "00:00:00.0001764"
[2025-07-27 23:32:04.349] [INF] [] [Layout] [Avalonia.Layout.LayoutManager] Started layout pass. To measure: 4 To arrange: 0
[2025-07-27 23:32:04.350] [INF] [] [Layout] [Avalonia.Layout.LayoutManager] Layout pass finished in "00:00:00.0002368"
[2025-07-27 23:32:05.062] [INF] [] [Layout] [Avalonia.Layout.LayoutManager] Started layout pass. To measure: 4 To arrange: 0
[2025-07-27 23:32:05.066] [INF] [] [Layout] [Avalonia.Layout.LayoutManager] Layout pass finished in "00:00:00.0004056"
[2025-07-27 23:39:38.058] [DBG] [] Adding embedded font collection...
[2025-07-27 23:39:38.078] [DBG] [] Embedded font collection added successfully
[2025-07-27 23:39:38.094] [INF] [] Application framework initialization starting
[2025-07-27 23:45:21.582] [DBG] [] Adding embedded font collection...
[2025-07-27 23:45:21.601] [DBG] [] Embedded font collection added successfully
[2025-07-27 23:45:21.618] [INF] [] Application framework initialization starting
[2025-07-27 23:45:21.777] [DBG] [] Creating splash screen
[2025-07-27 23:45:21.999] [INF] [] [Layout] [Avalonia.Layout.LayoutManager] Started layout pass. To measure: 0 To arrange: 0
[2025-07-27 23:45:22.004] [INF] [] [Layout] [Avalonia.Layout.LayoutManager] Layout pass finished in "00:00:00.0024175"
[2025-07-27 23:45:22.105] [INF] [] [Layout] [Avalonia.Layout.LayoutManager] Started layout pass. To measure: 3 To arrange: 0
[2025-07-27 23:45:22.108] [INF] [] [Layout] [Avalonia.Layout.LayoutManager] Layout pass finished in "00:00:00.0010863"
[2025-07-27 23:45:23.149] [DBG] [] Checking server availability
[2025-07-27 23:45:23.242] [INF] [] [Layout] [Avalonia.Layout.LayoutManager] Started layout pass. To measure: 1 To arrange: 0
[2025-07-27 23:45:23.244] [INF] [] [Layout] [Avalonia.Layout.LayoutManager] Layout pass finished in "00:00:00.0005301"
[2025-07-27 23:45:25.430] [INF] [] [Layout] [Avalonia.Layout.LayoutManager] Started layout pass. To measure: 1 To arrange: 0
[2025-07-27 23:45:25.432] [INF] [] [Layout] [Avalonia.Layout.LayoutManager] Layout pass finished in "00:00:00.0004901"
[2025-07-27 23:45:28.484] [DBG] [] Splash screen closed
[2025-07-27 23:45:28.486] [DBG] [] Creating authentication window
[2025-07-27 23:45:28.556] [INF] [] [Layout] [Avalonia.Layout.LayoutManager] Started layout pass. To measure: 0 To arrange: 0
[2025-07-27 23:45:28.558] [INF] [] [Layout] [Avalonia.Layout.LayoutManager] Layout pass finished in "00:00:00.0000042"
[2025-07-27 23:45:28.718] [INF] [] [Layout] [Avalonia.Layout.LayoutManager] Started layout pass. To measure: 2 To arrange: 0
[2025-07-27 23:45:28.719] [INF] [] [Layout] [Avalonia.Layout.LayoutManager] Layout pass finished in "00:00:00.0000085"
[2025-07-27 23:45:28.724] [INF] [] [Layout] [Avalonia.Layout.LayoutManager] Started layout pass. To measure: 1 To arrange: 0
[2025-07-27 23:45:28.726] [INF] [] [Layout] [Avalonia.Layout.LayoutManager] Layout pass finished in "00:00:00.0007439"
[2025-07-27 23:45:28.742] [INF] [] [Layout] [Avalonia.Layout.LayoutManager] Started layout pass. To measure: 4 To arrange: 0
[2025-07-27 23:45:28.744] [INF] [] [Layout] [Avalonia.Layout.LayoutManager] Layout pass finished in "00:00:00.0002291"
[2025-07-27 23:45:29.786] [INF] [] [Layout] [Avalonia.Layout.LayoutManager] Started layout pass. To measure: 1 To arrange: 1
[2025-07-27 23:45:29.789] [INF] [] [Layout] [Avalonia.Layout.LayoutManager] Layout pass finished in "00:00:00.0008735"
[2025-07-27 23:45:30.005] [INF] [] [Layout] [Avalonia.Layout.LayoutManager] Started layout pass. To measure: 3 To arrange: 0
[2025-07-27 23:45:30.009] [INF] [] [Layout] [Avalonia.Layout.LayoutManager] Layout pass finished in "00:00:00.0003565"
[2025-07-27 23:45:30.212] [INF] [] [Layout] [Avalonia.Layout.LayoutManager] Started layout pass. To measure: 1 To arrange: 0
[2025-07-27 23:45:30.214] [INF] [] [Layout] [Avalonia.Layout.LayoutManager] Layout pass finished in "00:00:00.0002545"
[2025-07-27 23:45:30.583] [INF] [] [Layout] [Avalonia.Layout.LayoutManager] Started layout pass. To measure: 1 To arrange: 0
[2025-07-27 23:45:30.585] [INF] [] [Layout] [Avalonia.Layout.LayoutManager] Layout pass finished in "00:00:00.0003332"
[2025-07-27 23:45:30.850] [INF] [] [Layout] [Avalonia.Layout.LayoutManager] Started layout pass. To measure: 1 To arrange: 0
[2025-07-27 23:45:30.852] [INF] [] [Layout] [Avalonia.Layout.LayoutManager] Layout pass finished in "00:00:00.0002539"
[2025-07-27 23:45:31.034] [INF] [] [Layout] [Avalonia.Layout.LayoutManager] Started layout pass. To measure: 1 To arrange: 0
[2025-07-27 23:45:31.040] [INF] [] [Layout] [Avalonia.Layout.LayoutManager] Layout pass finished in "00:00:00.0016042"
[2025-07-27 23:45:31.234] [INF] [] [Layout] [Avalonia.Layout.LayoutManager] Started layout pass. To measure: 4 To arrange: 1
[2025-07-27 23:45:31.241] [INF] [] [Layout] [Avalonia.Layout.LayoutManager] Layout pass finished in "00:00:00.0061368"
[2025-07-27 23:45:31.525] [INF] [] [Layout] [Avalonia.Layout.LayoutManager] Started layout pass. To measure: 3 To arrange: 0
[2025-07-27 23:45:31.527] [INF] [] [Layout] [Avalonia.Layout.LayoutManager] Layout pass finished in "00:00:00.0002185"
[2025-07-27 23:45:31.728] [INF] [] [Layout] [Avalonia.Layout.LayoutManager] Started layout pass. To measure: 1 To arrange: 0
[2025-07-27 23:45:31.729] [INF] [] [Layout] [Avalonia.Layout.LayoutManager] Layout pass finished in "00:00:00.0001964"
[2025-07-27 23:45:31.806] [INF] [] [Layout] [Avalonia.Layout.LayoutManager] Started layout pass. To measure: 1 To arrange: 0
[2025-07-27 23:45:31.808] [INF] [] [Layout] [Avalonia.Layout.LayoutManager] Layout pass finished in "00:00:00.0007588"
[2025-07-27 23:45:31.979] [INF] [] [Layout] [Avalonia.Layout.LayoutManager] Started layout pass. To measure: 1 To arrange: 0
[2025-07-27 23:45:31.981] [INF] [] [Layout] [Avalonia.Layout.LayoutManager] Layout pass finished in "00:00:00.0003402"
[2025-07-27 23:45:32.156] [INF] [] [Layout] [Avalonia.Layout.LayoutManager] Started layout pass. To measure: 1 To arrange: 0
[2025-07-27 23:45:32.161] [INF] [] [Layout] [Avalonia.Layout.LayoutManager] Layout pass finished in "00:00:00.0006601"
[2025-07-27 23:45:33.833] [INF] [] [Layout] [Avalonia.Layout.LayoutManager] Started layout pass. To measure: 6 To arrange: 0
[2025-07-27 23:45:33.834] [INF] [] [Layout] [Avalonia.Layout.LayoutManager] Layout pass finished in "00:00:00.0001698"
[2025-07-27 23:45:33.976] [INF] [] [Layout] [Avalonia.Layout.LayoutManager] Started layout pass. To measure: 2 To arrange: 0
[2025-07-27 23:45:33.978] [INF] [] [Layout] [Avalonia.Layout.LayoutManager] Layout pass finished in "00:00:00.0007592"
[2025-07-27 23:45:36.523] [INF] [] Administrator successfully authenticated
[2025-07-27 23:45:36.543] [DBG] [] Auth window closed with result: true
[2025-07-27 23:45:36.544] [INF] [] Authentication successful, initializing main window
[2025-07-27 23:45:36.612] [INF] [] Main window initialized
[2025-07-27 23:45:36.615] [INF] [] [Layout] [Avalonia.Layout.LayoutManager] Started layout pass. To measure: 0 To arrange: 0
[2025-07-27 23:45:36.616] [INF] [] [Layout] [Avalonia.Layout.LayoutManager] Layout pass finished in "00:00:00.0000037"
[2025-07-27 23:45:36.650] [INF] [] [Layout] [Avalonia.Layout.LayoutManager] Started layout pass. To measure: 2 To arrange: 0
[2025-07-27 23:45:36.651] [INF] [] [Layout] [Avalonia.Layout.LayoutManager] Layout pass finished in "00:00:00.0000084"
[2025-07-27 23:45:36.654] [INF] [] [Layout] [Avalonia.Layout.LayoutManager] Started layout pass. To measure: 1 To arrange: 0
[2025-07-27 23:45:36.656] [INF] [] [Layout] [Avalonia.Layout.LayoutManager] Layout pass finished in "00:00:00.0003277"
[2025-07-27 23:45:36.670] [INF] [] Application framework initialization completed
[2025-07-27 23:45:36.677] [INF] [] [Layout] [Avalonia.Layout.LayoutManager] Started layout pass. To measure: 5 To arrange: 0
[2025-07-27 23:45:36.679] [INF] [] [Layout] [Avalonia.Layout.LayoutManager] Layout pass finished in "00:00:00.0007470"
[2025-07-27 23:45:36.696] [INF] [] [Layout] [Avalonia.Layout.LayoutManager] Started layout pass. To measure: 1 To arrange: 0
[2025-07-27 23:45:36.698] [INF] [] [Layout] [Avalonia.Layout.LayoutManager] Layout pass finished in "00:00:00.0000881"
[2025-07-27 23:45:36.702] [INF] [] [Layout] [Avalonia.Layout.LayoutManager] Started layout pass. To measure: 9 To arrange: 0
[2025-07-27 23:45:36.704] [INF] [] [Layout] [Avalonia.Layout.LayoutManager] Layout pass finished in "00:00:00.0004897"
[2025-07-27 23:45:36.706] [INF] [] [Layout] [Avalonia.Layout.LayoutManager] Started layout pass. To measure: 4 To arrange: 0
[2025-07-27 23:45:36.707] [INF] [] [Layout] [Avalonia.Layout.LayoutManager] Layout pass finished in "00:00:00.0001086"
[2025-07-27 23:45:36.741] [INF] [] [Layout] [Avalonia.Layout.LayoutManager] Started layout pass. To measure: 2 To arrange: 0
[2025-07-27 23:45:36.742] [INF] [] [Layout] [Avalonia.Layout.LayoutManager] Layout pass finished in "00:00:00.0001119"
[2025-07-27 23:45:36.746] [INF] [] [Layout] [Avalonia.Layout.LayoutManager] Started layout pass. To measure: 2 To arrange: 0
[2025-07-27 23:45:36.747] [INF] [] [Layout] [Avalonia.Layout.LayoutManager] Layout pass finished in "00:00:00.0001135"
[2025-07-27 23:45:36.753] [INF] [] [Layout] [Avalonia.Layout.LayoutManager] Started layout pass. To measure: 2 To arrange: 0
[2025-07-27 23:45:36.782] [INF] [] [Layout] [Avalonia.Layout.LayoutManager] Layout pass finished in "00:00:00.0001336"
[2025-07-27 23:45:36.794] [INF] [] [Layout] [Avalonia.Layout.LayoutManager] Started layout pass. To measure: 1 To arrange: 0
[2025-07-27 23:45:36.796] [INF] [] [Layout] [Avalonia.Layout.LayoutManager] Layout pass finished in "00:00:00.0001052"
[2025-07-27 23:45:36.801] [INF] [] [Layout] [Avalonia.Layout.LayoutManager] Started layout pass. To measure: 1 To arrange: 0
[2025-07-27 23:45:36.802] [INF] [] [Layout] [Avalonia.Layout.LayoutManager] Layout pass finished in "00:00:00.0000239"
[2025-07-27 23:45:36.808] [INF] [] [Layout] [Avalonia.Layout.LayoutManager] Started layout pass. To measure: 1 To arrange: 0
[2025-07-27 23:45:36.810] [INF] [] [Layout] [Avalonia.Layout.LayoutManager] Layout pass finished in "00:00:00.0000996"
[2025-07-27 23:45:47.437] [INF] [] [Layout] [Avalonia.Layout.LayoutManager] Started layout pass. To measure: 1 To arrange: 0
[2025-07-27 23:45:47.439] [INF] [] [Layout] [Avalonia.Layout.LayoutManager] Layout pass finished in "00:00:00.0006186"
[2025-07-27 23:45:47.547] [INF] [] [Layout] [Avalonia.Layout.LayoutManager] Started layout pass. To measure: 2 To arrange: 0
[2025-07-27 23:45:47.549] [INF] [] [Layout] [Avalonia.Layout.LayoutManager] Layout pass finished in "00:00:00.0005036"
[2025-07-27 23:45:48.678] [INF] [] [Layout] [Avalonia.Layout.LayoutManager] Started layout pass. To measure: 1 To arrange: 0
[2025-07-27 23:45:48.680] [INF] [] [Layout] [Avalonia.Layout.LayoutManager] Layout pass finished in "00:00:00.0005034"
[2025-07-27 23:45:48.784] [INF] [] [Layout] [Avalonia.Layout.LayoutManager] Started layout pass. To measure: 2 To arrange: 0
[2025-07-27 23:45:48.786] [INF] [] [Layout] [Avalonia.Layout.LayoutManager] Layout pass finished in "00:00:00.0006939"
[2025-07-27 23:45:49.872] [INF] [] [Layout] [Avalonia.Layout.LayoutManager] Started layout pass. To measure: 3 To arrange: 0
[2025-07-27 23:45:49.874] [INF] [] [Layout] [Avalonia.Layout.LayoutManager] Layout pass finished in "00:00:00.0001934"
[2025-07-27 23:45:49.877] [INF] [] [Layout] [Avalonia.Layout.LayoutManager] Started layout pass. To measure: 2 To arrange: 0
[2025-07-27 23:45:49.878] [INF] [] [Layout] [Avalonia.Layout.LayoutManager] Layout pass finished in "00:00:00.0002917"
[2025-07-27 23:45:49.883] [INF] [] [Layout] [Avalonia.Layout.LayoutManager] Started layout pass. To measure: 2 To arrange: 0
[2025-07-27 23:45:49.885] [INF] [] [Layout] [Avalonia.Layout.LayoutManager] Layout pass finished in "00:00:00.0002999"
[2025-07-27 23:45:49.890] [INF] [] [Layout] [Avalonia.Layout.LayoutManager] Started layout pass. To measure: 2 To arrange: 0
[2025-07-27 23:45:49.892] [INF] [] [Layout] [Avalonia.Layout.LayoutManager] Layout pass finished in "00:00:00.0002461"
[2025-07-27 23:45:49.897] [INF] [] [Layout] [Avalonia.Layout.LayoutManager] Started layout pass. To measure: 2 To arrange: 0
[2025-07-27 23:45:49.899] [INF] [] [Layout] [Avalonia.Layout.LayoutManager] Layout pass finished in "00:00:00.0003301"
[2025-07-27 23:45:49.911] [INF] [] [Layout] [Avalonia.Layout.LayoutManager] Started layout pass. To measure: 1 To arrange: 0
[2025-07-27 23:45:49.913] [INF] [] [Layout] [Avalonia.Layout.LayoutManager] Layout pass finished in "00:00:00.0000741"
[2025-07-27 23:45:49.918] [INF] [] [Layout] [Avalonia.Layout.LayoutManager] Started layout pass. To measure: 1 To arrange: 0
[2025-07-27 23:45:49.920] [INF] [] [Layout] [Avalonia.Layout.LayoutManager] Layout pass finished in "00:00:00.0000738"
[2025-07-27 23:45:49.932] [INF] [] [Layout] [Avalonia.Layout.LayoutManager] Started layout pass. To measure: 1 To arrange: 0
[2025-07-27 23:45:49.933] [INF] [] [Layout] [Avalonia.Layout.LayoutManager] Layout pass finished in "00:00:00.0000733"
[2025-07-27 23:45:49.939] [INF] [] [Layout] [Avalonia.Layout.LayoutManager] Started layout pass. To measure: 1 To arrange: 0
[2025-07-27 23:45:49.941] [INF] [] [Layout] [Avalonia.Layout.LayoutManager] Layout pass finished in "00:00:00.0000881"
[2025-07-27 23:45:49.946] [INF] [] [Layout] [Avalonia.Layout.LayoutManager] Started layout pass. To measure: 1 To arrange: 0
[2025-07-27 23:45:49.947] [INF] [] [Layout] [Avalonia.Layout.LayoutManager] Layout pass finished in "00:00:00.0000754"
[2025-07-27 23:45:49.953] [INF] [] [Layout] [Avalonia.Layout.LayoutManager] Started layout pass. To measure: 1 To arrange: 0
[2025-07-27 23:45:49.954] [INF] [] [Layout] [Avalonia.Layout.LayoutManager] Layout pass finished in "00:00:00.0000837"
[2025-07-27 23:45:49.960] [INF] [] [Layout] [Avalonia.Layout.LayoutManager] Started layout pass. To measure: 1 To arrange: 0
[2025-07-27 23:45:49.961] [INF] [] [Layout] [Avalonia.Layout.LayoutManager] Layout pass finished in "00:00:00.0000693"
[2025-07-27 23:45:49.967] [INF] [] [Layout] [Avalonia.Layout.LayoutManager] Started layout pass. To measure: 1 To arrange: 0
[2025-07-27 23:45:49.968] [INF] [] [Layout] [Avalonia.Layout.LayoutManager] Layout pass finished in "00:00:00.0000833"
[2025-07-27 23:45:49.974] [INF] [] [Layout] [Avalonia.Layout.LayoutManager] Started layout pass. To measure: 1 To arrange: 0
[2025-07-27 23:45:49.976] [INF] [] [Layout] [Avalonia.Layout.LayoutManager] Layout pass finished in "00:00:00.0000864"
[2025-07-27 23:45:49.981] [INF] [] [Layout] [Avalonia.Layout.LayoutManager] Started layout pass. To measure: 1 To arrange: 0
[2025-07-27 23:45:49.982] [INF] [] [Layout] [Avalonia.Layout.LayoutManager] Layout pass finished in "00:00:00.0000735"
[2025-07-27 23:45:49.987] [INF] [] [Layout] [Avalonia.Layout.LayoutManager] Started layout pass. To measure: 1 To arrange: 0
[2025-07-27 23:45:49.989] [INF] [] [Layout] [Avalonia.Layout.LayoutManager] Layout pass finished in "00:00:00.0000788"
[2025-07-27 23:45:49.995] [INF] [] [Layout] [Avalonia.Layout.LayoutManager] Started layout pass. To measure: 1 To arrange: 0
[2025-07-27 23:45:49.996] [INF] [] [Layout] [Avalonia.Layout.LayoutManager] Layout pass finished in "00:00:00.0000827"
[2025-07-27 23:45:50.001] [INF] [] [Layout] [Avalonia.Layout.LayoutManager] Started layout pass. To measure: 1 To arrange: 0
[2025-07-27 23:45:50.003] [INF] [] [Layout] [Avalonia.Layout.LayoutManager] Layout pass finished in "00:00:00.0000787"
[2025-07-27 23:45:50.008] [INF] [] [Layout] [Avalonia.Layout.LayoutManager] Started layout pass. To measure: 1 To arrange: 0
[2025-07-27 23:45:50.010] [INF] [] [Layout] [Avalonia.Layout.LayoutManager] Layout pass finished in "00:00:00.0000893"
[2025-07-27 23:45:50.015] [INF] [] [Layout] [Avalonia.Layout.LayoutManager] Started layout pass. To measure: 1 To arrange: 0
[2025-07-27 23:45:50.016] [INF] [] [Layout] [Avalonia.Layout.LayoutManager] Layout pass finished in "00:00:00.0000176"
[2025-07-27 23:45:50.022] [INF] [] [Layout] [Avalonia.Layout.LayoutManager] Started layout pass. To measure: 1 To arrange: 0
[2025-07-27 23:45:50.023] [INF] [] [Layout] [Avalonia.Layout.LayoutManager] Layout pass finished in "00:00:00.0000253"
[2025-07-27 23:45:50.058] [INF] [] [Layout] [Avalonia.Layout.LayoutManager] Started layout pass. To measure: 1 To arrange: 0
[2025-07-27 23:45:50.060] [INF] [] [Layout] [Avalonia.Layout.LayoutManager] Layout pass finished in "00:00:00.0002059"
[2025-07-27 23:45:50.064] [INF] [] [Layout] [Avalonia.Layout.LayoutManager] Started layout pass. To measure: 1 To arrange: 0
[2025-07-27 23:45:50.066] [INF] [] [Layout] [Avalonia.Layout.LayoutManager] Layout pass finished in "00:00:00.0000197"
[2025-07-27 23:45:50.071] [INF] [] [Layout] [Avalonia.Layout.LayoutManager] Started layout pass. To measure: 1 To arrange: 0
[2025-07-27 23:45:50.073] [INF] [] [Layout] [Avalonia.Layout.LayoutManager] Layout pass finished in "00:00:00.0000235"
[2025-07-27 23:45:50.078] [INF] [] [Layout] [Avalonia.Layout.LayoutManager] Started layout pass. To measure: 1 To arrange: 0
[2025-07-27 23:45:50.079] [INF] [] [Layout] [Avalonia.Layout.LayoutManager] Layout pass finished in "00:00:00.0000326"
[2025-07-27 23:45:50.482] [INF] [] [Layout] [Avalonia.Layout.LayoutManager] Started layout pass. To measure: 2 To arrange: 0
[2025-07-27 23:45:50.484] [INF] [] [Layout] [Avalonia.Layout.LayoutManager] Layout pass finished in "00:00:00.0003429"
[2025-07-27 23:45:50.488] [INF] [] [Layout] [Avalonia.Layout.LayoutManager] Started layout pass. To measure: 1 To arrange: 0
[2025-07-27 23:45:50.489] [INF] [] [Layout] [Avalonia.Layout.LayoutManager] Layout pass finished in "00:00:00.0000627"
[2025-07-27 23:45:50.494] [INF] [] [Layout] [Avalonia.Layout.LayoutManager] Started layout pass. To measure: 1 To arrange: 0
[2025-07-27 23:45:50.496] [INF] [] [Layout] [Avalonia.Layout.LayoutManager] Layout pass finished in "00:00:00.0000806"
[2025-07-27 23:45:50.501] [INF] [] [Layout] [Avalonia.Layout.LayoutManager] Started layout pass. To measure: 1 To arrange: 0
[2025-07-27 23:45:50.503] [INF] [] [Layout] [Avalonia.Layout.LayoutManager] Layout pass finished in "00:00:00.0000925"
[2025-07-27 23:45:50.508] [INF] [] [Layout] [Avalonia.Layout.LayoutManager] Started layout pass. To measure: 1 To arrange: 0
[2025-07-27 23:45:50.510] [INF] [] [Layout] [Avalonia.Layout.LayoutManager] Layout pass finished in "00:00:00.0000757"
[2025-07-27 23:45:50.516] [INF] [] [Layout] [Avalonia.Layout.LayoutManager] Started layout pass. To measure: 1 To arrange: 0
[2025-07-27 23:45:50.517] [INF] [] [Layout] [Avalonia.Layout.LayoutManager] Layout pass finished in "00:00:00.0000712"
[2025-07-27 23:45:50.529] [INF] [] [Layout] [Avalonia.Layout.LayoutManager] Started layout pass. To measure: 1 To arrange: 0
[2025-07-27 23:45:50.531] [INF] [] [Layout] [Avalonia.Layout.LayoutManager] Layout pass finished in "00:00:00.0000758"
[2025-07-27 23:45:50.536] [INF] [] [Layout] [Avalonia.Layout.LayoutManager] Started layout pass. To measure: 1 To arrange: 0
[2025-07-27 23:45:50.537] [INF] [] [Layout] [Avalonia.Layout.LayoutManager] Layout pass finished in "00:00:00.0000696"
[2025-07-27 23:45:50.543] [INF] [] [Layout] [Avalonia.Layout.LayoutManager] Started layout pass. To measure: 1 To arrange: 0
[2025-07-27 23:45:50.545] [INF] [] [Layout] [Avalonia.Layout.LayoutManager] Layout pass finished in "00:00:00.0000658"
[2025-07-27 23:45:50.550] [INF] [] [Layout] [Avalonia.Layout.LayoutManager] Started layout pass. To measure: 1 To arrange: 0
[2025-07-27 23:45:50.551] [INF] [] [Layout] [Avalonia.Layout.LayoutManager] Layout pass finished in "00:00:00.0000714"
[2025-07-27 23:45:50.557] [INF] [] [Layout] [Avalonia.Layout.LayoutManager] Started layout pass. To measure: 1 To arrange: 0
[2025-07-27 23:45:50.558] [INF] [] [Layout] [Avalonia.Layout.LayoutManager] Layout pass finished in "00:00:00.0000184"
[2025-07-27 23:45:50.571] [INF] [] [Layout] [Avalonia.Layout.LayoutManager] Started layout pass. To measure: 1 To arrange: 0
[2025-07-27 23:45:50.573] [INF] [] [Layout] [Avalonia.Layout.LayoutManager] Layout pass finished in "00:00:00.0000784"
[2025-07-27 23:45:50.578] [INF] [] [Layout] [Avalonia.Layout.LayoutManager] Started layout pass. To measure: 1 To arrange: 0
[2025-07-27 23:45:50.580] [INF] [] [Layout] [Avalonia.Layout.LayoutManager] Layout pass finished in "00:00:00.0000231"
[2025-07-27 23:45:50.585] [INF] [] [Layout] [Avalonia.Layout.LayoutManager] Started layout pass. To measure: 1 To arrange: 0
[2025-07-27 23:45:50.587] [INF] [] [Layout] [Avalonia.Layout.LayoutManager] Layout pass finished in "00:00:00.0001186"
[2025-07-27 23:45:51.601] [INF] [] [Layout] [Avalonia.Layout.LayoutManager] Started layout pass. To measure: 4 To arrange: 0
[2025-07-27 23:45:51.603] [INF] [] [Layout] [Avalonia.Layout.LayoutManager] Layout pass finished in "00:00:00.0001348"
[2025-07-27 23:46:30.269] [INF] [] [Layout] [Avalonia.Layout.LayoutManager] Started layout pass. To measure: 4 To arrange: 0
[2025-07-27 23:46:30.271] [INF] [] [Layout] [Avalonia.Layout.LayoutManager] Layout pass finished in "00:00:00.0002776"
[2025-07-27 23:46:30.673] [INF] [] [Layout] [Avalonia.Layout.LayoutManager] Started layout pass. To measure: 4 To arrange: 0
[2025-07-27 23:46:30.675] [INF] [] [Layout] [Avalonia.Layout.LayoutManager] Layout pass finished in "00:00:00.0002787"
[2025-07-27 23:46:31.488] [INF] [] [Layout] [Avalonia.Layout.LayoutManager] Started layout pass. To measure: 4 To arrange: 0
[2025-07-27 23:46:31.490] [INF] [] [Layout] [Avalonia.Layout.LayoutManager] Layout pass finished in "00:00:00.0001376"
[2025-07-27 23:46:34.342] [INF] [] [Layout] [Avalonia.Layout.LayoutManager] Started layout pass. To measure: 3 To arrange: 0
[2025-07-27 23:46:34.343] [INF] [] [Layout] [Avalonia.Layout.LayoutManager] Layout pass finished in "00:00:00.0001796"
[2025-07-27 23:46:34.347] [INF] [] [Layout] [Avalonia.Layout.LayoutManager] Started layout pass. To measure: 2 To arrange: 0
[2025-07-27 23:46:34.349] [INF] [] [Layout] [Avalonia.Layout.LayoutManager] Layout pass finished in "00:00:00.0003916"
[2025-07-27 23:46:34.354] [INF] [] [Layout] [Avalonia.Layout.LayoutManager] Started layout pass. To measure: 2 To arrange: 0
[2025-07-27 23:46:34.358] [INF] [] [Layout] [Avalonia.Layout.LayoutManager] Layout pass finished in "00:00:00.0002825"
[2025-07-27 23:46:34.368] [INF] [] [Layout] [Avalonia.Layout.LayoutManager] Started layout pass. To measure: 2 To arrange: 0
[2025-07-27 23:46:34.370] [INF] [] [Layout] [Avalonia.Layout.LayoutManager] Layout pass finished in "00:00:00.0003742"
[2025-07-27 23:46:34.382] [INF] [] [Layout] [Avalonia.Layout.LayoutManager] Started layout pass. To measure: 1 To arrange: 0
[2025-07-27 23:46:34.385] [INF] [] [Layout] [Avalonia.Layout.LayoutManager] Layout pass finished in "00:00:00.0000988"
[2025-07-27 23:46:34.396] [INF] [] [Layout] [Avalonia.Layout.LayoutManager] Started layout pass. To measure: 1 To arrange: 0
[2025-07-27 23:46:34.397] [INF] [] [Layout] [Avalonia.Layout.LayoutManager] Layout pass finished in "00:00:00.0000934"
[2025-07-27 23:46:34.403] [INF] [] [Layout] [Avalonia.Layout.LayoutManager] Started layout pass. To measure: 1 To arrange: 0
[2025-07-27 23:46:34.404] [INF] [] [Layout] [Avalonia.Layout.LayoutManager] Layout pass finished in "00:00:00.0000697"
[2025-07-27 23:46:34.410] [INF] [] [Layout] [Avalonia.Layout.LayoutManager] Started layout pass. To measure: 1 To arrange: 0
[2025-07-27 23:46:34.411] [INF] [] [Layout] [Avalonia.Layout.LayoutManager] Layout pass finished in "00:00:00.0000926"
[2025-07-27 23:46:34.417] [INF] [] [Layout] [Avalonia.Layout.LayoutManager] Started layout pass. To measure: 1 To arrange: 0
[2025-07-27 23:46:34.418] [INF] [] [Layout] [Avalonia.Layout.LayoutManager] Layout pass finished in "00:00:00.0000673"
[2025-07-27 23:46:34.424] [INF] [] [Layout] [Avalonia.Layout.LayoutManager] Started layout pass. To measure: 1 To arrange: 0
[2025-07-27 23:46:34.425] [INF] [] [Layout] [Avalonia.Layout.LayoutManager] Layout pass finished in "00:00:00.0000646"
[2025-07-27 23:46:34.431] [INF] [] [Layout] [Avalonia.Layout.LayoutManager] Started layout pass. To measure: 1 To arrange: 0
[2025-07-27 23:46:34.432] [INF] [] [Layout] [Avalonia.Layout.LayoutManager] Layout pass finished in "00:00:00.0000718"
[2025-07-27 23:46:34.437] [INF] [] [Layout] [Avalonia.Layout.LayoutManager] Started layout pass. To measure: 1 To arrange: 0
[2025-07-27 23:46:34.439] [INF] [] [Layout] [Avalonia.Layout.LayoutManager] Layout pass finished in "00:00:00.0000717"
[2025-07-27 23:46:34.445] [INF] [] [Layout] [Avalonia.Layout.LayoutManager] Started layout pass. To measure: 1 To arrange: 0
[2025-07-27 23:46:34.446] [INF] [] [Layout] [Avalonia.Layout.LayoutManager] Layout pass finished in "00:00:00.0000642"
[2025-07-27 23:46:34.451] [INF] [] [Layout] [Avalonia.Layout.LayoutManager] Started layout pass. To measure: 1 To arrange: 0
[2025-07-27 23:46:34.452] [INF] [] [Layout] [Avalonia.Layout.LayoutManager] Layout pass finished in "00:00:00.0000855"
[2025-07-27 23:46:34.458] [INF] [] [Layout] [Avalonia.Layout.LayoutManager] Started layout pass. To measure: 1 To arrange: 0
[2025-07-27 23:46:34.460] [INF] [] [Layout] [Avalonia.Layout.LayoutManager] Layout pass finished in "00:00:00.0000678"
[2025-07-27 23:46:34.465] [INF] [] [Layout] [Avalonia.Layout.LayoutManager] Started layout pass. To measure: 1 To arrange: 0
[2025-07-27 23:46:34.467] [INF] [] [Layout] [Avalonia.Layout.LayoutManager] Layout pass finished in "00:00:00.0000295"
[2025-07-27 23:46:34.473] [INF] [] [Layout] [Avalonia.Layout.LayoutManager] Started layout pass. To measure: 1 To arrange: 0
[2025-07-27 23:46:34.474] [INF] [] [Layout] [Avalonia.Layout.LayoutManager] Layout pass finished in "00:00:00.0000776"
[2025-07-27 23:46:34.480] [INF] [] [Layout] [Avalonia.Layout.LayoutManager] Started layout pass. To measure: 1 To arrange: 0
[2025-07-27 23:46:34.482] [INF] [] [Layout] [Avalonia.Layout.LayoutManager] Layout pass finished in "00:00:00.0000723"
[2025-07-27 23:46:34.493] [INF] [] [Layout] [Avalonia.Layout.LayoutManager] Started layout pass. To measure: 1 To arrange: 0
[2025-07-27 23:46:34.495] [INF] [] [Layout] [Avalonia.Layout.LayoutManager] Layout pass finished in "00:00:00.0001006"
[2025-07-27 23:46:34.500] [INF] [] [Layout] [Avalonia.Layout.LayoutManager] Started layout pass. To measure: 1 To arrange: 0
[2025-07-27 23:46:34.502] [INF] [] [Layout] [Avalonia.Layout.LayoutManager] Layout pass finished in "00:00:00.0000188"
[2025-07-27 23:46:34.507] [INF] [] [Layout] [Avalonia.Layout.LayoutManager] Started layout pass. To measure: 1 To arrange: 0
[2025-07-27 23:46:34.508] [INF] [] [Layout] [Avalonia.Layout.LayoutManager] Layout pass finished in "00:00:00.0001173"
[2025-07-27 23:46:34.514] [INF] [] [Layout] [Avalonia.Layout.LayoutManager] Started layout pass. To measure: 1 To arrange: 0
[2025-07-27 23:46:34.515] [INF] [] [Layout] [Avalonia.Layout.LayoutManager] Layout pass finished in "00:00:00.0000169"
[2025-07-27 23:46:34.521] [INF] [] [Layout] [Avalonia.Layout.LayoutManager] Started layout pass. To measure: 1 To arrange: 0
[2025-07-27 23:46:34.522] [INF] [] [Layout] [Avalonia.Layout.LayoutManager] Layout pass finished in "00:00:00.0000233"
[2025-07-27 23:46:34.528] [INF] [] [Layout] [Avalonia.Layout.LayoutManager] Started layout pass. To measure: 1 To arrange: 0
[2025-07-27 23:46:34.529] [INF] [] [Layout] [Avalonia.Layout.LayoutManager] Layout pass finished in "00:00:00.0000196"
[2025-07-27 23:46:34.535] [INF] [] [Layout] [Avalonia.Layout.LayoutManager] Started layout pass. To measure: 1 To arrange: 0
[2025-07-27 23:46:34.536] [INF] [] [Layout] [Avalonia.Layout.LayoutManager] Layout pass finished in "00:00:00.0000281"
[2025-07-27 23:46:34.542] [INF] [] [Layout] [Avalonia.Layout.LayoutManager] Started layout pass. To measure: 1 To arrange: 0
[2025-07-27 23:46:34.543] [INF] [] [Layout] [Avalonia.Layout.LayoutManager] Layout pass finished in "00:00:00.0000167"
[2025-07-27 23:46:34.549] [INF] [] [Layout] [Avalonia.Layout.LayoutManager] Started layout pass. To measure: 1 To arrange: 0
[2025-07-27 23:46:34.550] [INF] [] [Layout] [Avalonia.Layout.LayoutManager] Layout pass finished in "00:00:00.0000198"
[2025-07-27 23:46:34.834] [INF] [] [Layout] [Avalonia.Layout.LayoutManager] Started layout pass. To measure: 2 To arrange: 0
[2025-07-27 23:46:34.835] [INF] [] [Layout] [Avalonia.Layout.LayoutManager] Layout pass finished in "00:00:00.0002356"
[2025-07-27 23:46:34.840] [INF] [] [Layout] [Avalonia.Layout.LayoutManager] Started layout pass. To measure: 1 To arrange: 0
[2025-07-27 23:46:34.842] [INF] [] [Layout] [Avalonia.Layout.LayoutManager] Layout pass finished in "00:00:00.0000813"
[2025-07-27 23:46:34.848] [INF] [] [Layout] [Avalonia.Layout.LayoutManager] Started layout pass. To measure: 1 To arrange: 0
[2025-07-27 23:46:34.850] [INF] [] [Layout] [Avalonia.Layout.LayoutManager] Layout pass finished in "00:00:00.0001218"
[2025-07-27 23:46:34.862] [INF] [] [Layout] [Avalonia.Layout.LayoutManager] Started layout pass. To measure: 1 To arrange: 0
[2025-07-27 23:46:34.863] [INF] [] [Layout] [Avalonia.Layout.LayoutManager] Layout pass finished in "00:00:00.0000965"
[2025-07-27 23:46:34.875] [INF] [] [Layout] [Avalonia.Layout.LayoutManager] Started layout pass. To measure: 1 To arrange: 0
[2025-07-27 23:46:34.876] [INF] [] [Layout] [Avalonia.Layout.LayoutManager] Layout pass finished in "00:00:00.0000747"
[2025-07-27 23:46:34.882] [INF] [] [Layout] [Avalonia.Layout.LayoutManager] Started layout pass. To measure: 1 To arrange: 0
[2025-07-27 23:46:34.884] [INF] [] [Layout] [Avalonia.Layout.LayoutManager] Layout pass finished in "00:00:00.0000994"
[2025-07-27 23:46:34.889] [INF] [] [Layout] [Avalonia.Layout.LayoutManager] Started layout pass. To measure: 1 To arrange: 0
[2025-07-27 23:46:34.891] [INF] [] [Layout] [Avalonia.Layout.LayoutManager] Layout pass finished in "00:00:00.0000915"
[2025-07-27 23:46:34.896] [INF] [] [Layout] [Avalonia.Layout.LayoutManager] Started layout pass. To measure: 1 To arrange: 0
[2025-07-27 23:46:34.897] [INF] [] [Layout] [Avalonia.Layout.LayoutManager] Layout pass finished in "00:00:00.0000900"
[2025-07-27 23:46:34.903] [INF] [] [Layout] [Avalonia.Layout.LayoutManager] Started layout pass. To measure: 1 To arrange: 0
[2025-07-27 23:46:34.904] [INF] [] [Layout] [Avalonia.Layout.LayoutManager] Layout pass finished in "00:00:00.0000753"
[2025-07-27 23:46:34.910] [INF] [] [Layout] [Avalonia.Layout.LayoutManager] Started layout pass. To measure: 1 To arrange: 0
[2025-07-27 23:46:34.911] [INF] [] [Layout] [Avalonia.Layout.LayoutManager] Layout pass finished in "00:00:00.0001028"
[2025-07-27 23:46:34.917] [INF] [] [Layout] [Avalonia.Layout.LayoutManager] Started layout pass. To measure: 1 To arrange: 0
[2025-07-27 23:46:34.919] [INF] [] [Layout] [Avalonia.Layout.LayoutManager] Layout pass finished in "00:00:00.0000228"
[2025-07-27 23:46:34.924] [INF] [] [Layout] [Avalonia.Layout.LayoutManager] Started layout pass. To measure: 1 To arrange: 0
[2025-07-27 23:46:34.925] [INF] [] [Layout] [Avalonia.Layout.LayoutManager] Layout pass finished in "00:00:00.0000187"
[2025-07-27 23:46:34.931] [INF] [] [Layout] [Avalonia.Layout.LayoutManager] Started layout pass. To measure: 1 To arrange: 0
[2025-07-27 23:46:34.932] [INF] [] [Layout] [Avalonia.Layout.LayoutManager] Layout pass finished in "00:00:00.0000545"
[2025-07-27 23:46:34.938] [INF] [] [Layout] [Avalonia.Layout.LayoutManager] Started layout pass. To measure: 1 To arrange: 0
[2025-07-27 23:46:34.939] [INF] [] [Layout] [Avalonia.Layout.LayoutManager] Layout pass finished in "00:00:00.0001256"
[2025-07-27 23:46:35.679] [INF] [] [Layout] [Avalonia.Layout.LayoutManager] Started layout pass. To measure: 4 To arrange: 0
[2025-07-27 23:46:35.680] [INF] [] [Layout] [Avalonia.Layout.LayoutManager] Layout pass finished in "00:00:00.0002298"
[2025-07-27 23:49:01.213] [INF] [] [Layout] [Avalonia.Layout.LayoutManager] Started layout pass. To measure: 4 To arrange: 0
[2025-07-27 23:49:01.216] [INF] [] [Layout] [Avalonia.Layout.LayoutManager] Layout pass finished in "00:00:00.0003263"
[2025-07-27 23:49:01.738] [INF] [] [Layout] [Avalonia.Layout.LayoutManager] Started layout pass. To measure: 4 To arrange: 0
[2025-07-27 23:49:01.740] [INF] [] [Layout] [Avalonia.Layout.LayoutManager] Layout pass finished in "00:00:00.0001181"
[2025-07-27 23:51:13.561] [DBG] [] Adding embedded font collection...
[2025-07-27 23:51:13.580] [DBG] [] Embedded font collection added successfully
[2025-07-27 23:51:13.598] [INF] [] Application framework initialization starting
[2025-07-27 23:51:13.794] [DBG] [] Creating splash screen
[2025-07-27 23:51:13.993] [INF] [] [Layout] [Avalonia.Layout.LayoutManager] Started layout pass. To measure: 0 To arrange: 0
[2025-07-27 23:51:13.997] [INF] [] [Layout] [Avalonia.Layout.LayoutManager] Layout pass finished in "00:00:00.0020385"
[2025-07-27 23:51:14.088] [INF] [] [Layout] [Avalonia.Layout.LayoutManager] Started layout pass. To measure: 3 To arrange: 0
[2025-07-27 23:51:14.090] [INF] [] [Layout] [Avalonia.Layout.LayoutManager] Layout pass finished in "00:00:00.0008241"
[2025-07-27 23:51:15.128] [DBG] [] Checking server availability
[2025-07-27 23:51:15.247] [INF] [] [Layout] [Avalonia.Layout.LayoutManager] Started layout pass. To measure: 1 To arrange: 0
[2025-07-27 23:51:15.250] [INF] [] [Layout] [Avalonia.Layout.LayoutManager] Layout pass finished in "00:00:00.0005756"
[2025-07-27 23:51:17.487] [INF] [] [Layout] [Avalonia.Layout.LayoutManager] Started layout pass. To measure: 1 To arrange: 0
[2025-07-27 23:51:17.490] [INF] [] [Layout] [Avalonia.Layout.LayoutManager] Layout pass finished in "00:00:00.0006694"
[2025-07-27 23:51:20.532] [DBG] [] Splash screen closed
[2025-07-27 23:51:20.534] [DBG] [] Creating authentication window
[2025-07-27 23:51:20.616] [INF] [] [Layout] [Avalonia.Layout.LayoutManager] Started layout pass. To measure: 0 To arrange: 0
[2025-07-27 23:51:20.621] [INF] [] [Layout] [Avalonia.Layout.LayoutManager] Layout pass finished in "00:00:00.0000062"
[2025-07-27 23:51:20.875] [INF] [] [Layout] [Avalonia.Layout.LayoutManager] Started layout pass. To measure: 2 To arrange: 0
[2025-07-27 23:51:20.877] [INF] [] [Layout] [Avalonia.Layout.LayoutManager] Layout pass finished in "00:00:00.0000093"
[2025-07-27 23:51:20.881] [INF] [] [Layout] [Avalonia.Layout.LayoutManager] Started layout pass. To measure: 1 To arrange: 0
[2025-07-27 23:51:20.884] [INF] [] [Layout] [Avalonia.Layout.LayoutManager] Layout pass finished in "00:00:00.0007171"
[2025-07-27 23:51:20.900] [INF] [] [Layout] [Avalonia.Layout.LayoutManager] Started layout pass. To measure: 4 To arrange: 0
[2025-07-27 23:51:20.902] [INF] [] [Layout] [Avalonia.Layout.LayoutManager] Layout pass finished in "00:00:00.0003296"
[2025-07-27 23:51:22.467] [INF] [] [Layout] [Avalonia.Layout.LayoutManager] Started layout pass. To measure: 1 To arrange: 1
[2025-07-27 23:51:22.474] [INF] [] [Layout] [Avalonia.Layout.LayoutManager] Layout pass finished in "00:00:00.0026824"
[2025-07-27 23:51:22.699] [INF] [] [Layout] [Avalonia.Layout.LayoutManager] Started layout pass. To measure: 3 To arrange: 0
[2025-07-27 23:51:22.701] [INF] [] [Layout] [Avalonia.Layout.LayoutManager] Layout pass finished in "00:00:00.0003221"
[2025-07-27 23:51:22.891] [INF] [] [Layout] [Avalonia.Layout.LayoutManager] Started layout pass. To measure: 1 To arrange: 0
[2025-07-27 23:51:22.896] [INF] [] [Layout] [Avalonia.Layout.LayoutManager] Layout pass finished in "00:00:00.0006199"
[2025-07-27 23:51:23.473] [INF] [] [Layout] [Avalonia.Layout.LayoutManager] Started layout pass. To measure: 1 To arrange: 0
[2025-07-27 23:51:23.475] [INF] [] [Layout] [Avalonia.Layout.LayoutManager] Layout pass finished in "00:00:00.0003306"
[2025-07-27 23:51:23.696] [INF] [] [Layout] [Avalonia.Layout.LayoutManager] Started layout pass. To measure: 1 To arrange: 0
[2025-07-27 23:51:23.698] [INF] [] [Layout] [Avalonia.Layout.LayoutManager] Layout pass finished in "00:00:00.0003223"
[2025-07-27 23:51:24.068] [INF] [] [Layout] [Avalonia.Layout.LayoutManager] Started layout pass. To measure: 1 To arrange: 0
[2025-07-27 23:51:24.070] [INF] [] [Layout] [Avalonia.Layout.LayoutManager] Layout pass finished in "00:00:00.0002508"
[2025-07-27 23:51:24.301] [INF] [] [Layout] [Avalonia.Layout.LayoutManager] Started layout pass. To measure: 1 To arrange: 0
[2025-07-27 23:51:24.303] [INF] [] [Layout] [Avalonia.Layout.LayoutManager] Layout pass finished in "00:00:00.0002208"
[2025-07-27 23:51:24.482] [INF] [] [Layout] [Avalonia.Layout.LayoutManager] Started layout pass. To measure: 1 To arrange: 0
[2025-07-27 23:51:24.484] [INF] [] [Layout] [Avalonia.Layout.LayoutManager] Layout pass finished in "00:00:00.0002369"
[2025-07-27 23:51:24.758] [INF] [] [Layout] [Avalonia.Layout.LayoutManager] Started layout pass. To measure: 4 To arrange: 1
[2025-07-27 23:51:24.768] [INF] [] [Layout] [Avalonia.Layout.LayoutManager] Layout pass finished in "00:00:00.0083177"
[2025-07-27 23:51:25.006] [INF] [] [Layout] [Avalonia.Layout.LayoutManager] Started layout pass. To measure: 3 To arrange: 0
[2025-07-27 23:51:25.008] [INF] [] [Layout] [Avalonia.Layout.LayoutManager] Layout pass finished in "00:00:00.0002117"
[2025-07-27 23:51:25.220] [INF] [] [Layout] [Avalonia.Layout.LayoutManager] Started layout pass. To measure: 1 To arrange: 0
[2025-07-27 23:51:25.225] [INF] [] [Layout] [Avalonia.Layout.LayoutManager] Layout pass finished in "00:00:00.0002631"
[2025-07-27 23:51:25.307] [INF] [] [Layout] [Avalonia.Layout.LayoutManager] Started layout pass. To measure: 1 To arrange: 0
[2025-07-27 23:51:25.309] [INF] [] [Layout] [Avalonia.Layout.LayoutManager] Layout pass finished in "00:00:00.0001867"
[2025-07-27 23:51:25.489] [INF] [] [Layout] [Avalonia.Layout.LayoutManager] Started layout pass. To measure: 1 To arrange: 0
[2025-07-27 23:51:25.494] [INF] [] [Layout] [Avalonia.Layout.LayoutManager] Layout pass finished in "00:00:00.0003106"
[2025-07-27 23:51:25.678] [INF] [] [Layout] [Avalonia.Layout.LayoutManager] Started layout pass. To measure: 1 To arrange: 0
[2025-07-27 23:51:25.680] [INF] [] [Layout] [Avalonia.Layout.LayoutManager] Layout pass finished in "00:00:00.0002011"
[2025-07-27 23:51:26.978] [INF] [] [Layout] [Avalonia.Layout.LayoutManager] Started layout pass. To measure: 6 To arrange: 0
[2025-07-27 23:51:26.980] [INF] [] [Layout] [Avalonia.Layout.LayoutManager] Layout pass finished in "00:00:00.0001631"
[2025-07-27 23:51:27.172] [INF] [] [Layout] [Avalonia.Layout.LayoutManager] Started layout pass. To measure: 2 To arrange: 0
[2025-07-27 23:51:27.174] [INF] [] [Layout] [Avalonia.Layout.LayoutManager] Layout pass finished in "00:00:00.0008482"
[2025-07-27 23:51:29.977] [INF] [] Administrator successfully authenticated
[2025-07-27 23:51:29.998] [DBG] [] Auth window closed with result: true
[2025-07-27 23:51:30.000] [INF] [] Authentication successful, initializing main window
[2025-07-27 23:51:30.178] [INF] [] Main window initialized
[2025-07-27 23:51:30.182] [INF] [] [Layout] [Avalonia.Layout.LayoutManager] Started layout pass. To measure: 0 To arrange: 0
[2025-07-27 23:51:30.187] [INF] [] [Layout] [Avalonia.Layout.LayoutManager] Layout pass finished in "00:00:00.0000068"
[2025-07-27 23:51:30.249] [INF] [] [Layout] [Avalonia.Layout.LayoutManager] Started layout pass. To measure: 2 To arrange: 0
[2025-07-27 23:51:30.252] [INF] [] [Layout] [Avalonia.Layout.LayoutManager] Layout pass finished in "00:00:00.0000124"
[2025-07-27 23:51:30.258] [INF] [] [Layout] [Avalonia.Layout.LayoutManager] Started layout pass. To measure: 1 To arrange: 0
[2025-07-27 23:51:30.260] [INF] [] [Layout] [Avalonia.Layout.LayoutManager] Layout pass finished in "00:00:00.0003845"
[2025-07-27 23:51:30.279] [INF] [] Application framework initialization completed
[2025-07-27 23:51:30.287] [INF] [] [Layout] [Avalonia.Layout.LayoutManager] Started layout pass. To measure: 5 To arrange: 0
[2025-07-27 23:51:30.294] [INF] [] [Layout] [Avalonia.Layout.LayoutManager] Layout pass finished in "00:00:00.0015127"
[2025-07-27 23:51:30.314] [INF] [] [Layout] [Avalonia.Layout.LayoutManager] Started layout pass. To measure: 2 To arrange: 0
[2025-07-27 23:51:30.317] [INF] [] [Layout] [Avalonia.Layout.LayoutManager] Layout pass finished in "00:00:00.0007982"
[2025-07-27 23:51:30.323] [INF] [] [Layout] [Avalonia.Layout.LayoutManager] Started layout pass. To measure: 7 To arrange: 0
[2025-07-27 23:51:30.325] [INF] [] [Layout] [Avalonia.Layout.LayoutManager] Layout pass finished in "00:00:00.0004752"
[2025-07-27 23:51:30.328] [INF] [] [Layout] [Avalonia.Layout.LayoutManager] Started layout pass. To measure: 4 To arrange: 0
[2025-07-27 23:51:30.329] [INF] [] [Layout] [Avalonia.Layout.LayoutManager] Layout pass finished in "00:00:00.0001382"
[2025-07-27 23:51:30.348] [INF] [] [Layout] [Avalonia.Layout.LayoutManager] Started layout pass. To measure: 2 To arrange: 0
[2025-07-27 23:51:30.349] [INF] [] [Layout] [Avalonia.Layout.LayoutManager] Layout pass finished in "00:00:00.0001286"
[2025-07-27 23:51:30.354] [INF] [] [Layout] [Avalonia.Layout.LayoutManager] Started layout pass. To measure: 2 To arrange: 0
[2025-07-27 23:51:30.355] [INF] [] [Layout] [Avalonia.Layout.LayoutManager] Layout pass finished in "00:00:00.0001141"
[2025-07-27 23:51:30.359] [INF] [] [Layout] [Avalonia.Layout.LayoutManager] Started layout pass. To measure: 2 To arrange: 0
[2025-07-27 23:51:30.362] [INF] [] [Layout] [Avalonia.Layout.LayoutManager] Layout pass finished in "00:00:00.0001169"
[2025-07-27 23:51:30.388] [INF] [] [Layout] [Avalonia.Layout.LayoutManager] Started layout pass. To measure: 2 To arrange: 0
[2025-07-27 23:51:30.390] [INF] [] [Layout] [Avalonia.Layout.LayoutManager] Layout pass finished in "00:00:00.0001758"
[2025-07-27 23:51:30.402] [INF] [] [Layout] [Avalonia.Layout.LayoutManager] Started layout pass. To measure: 2 To arrange: 0
[2025-07-27 23:51:30.404] [INF] [] [Layout] [Avalonia.Layout.LayoutManager] Layout pass finished in "00:00:00.0001112"
[2025-07-27 23:51:30.409] [INF] [] [Layout] [Avalonia.Layout.LayoutManager] Started layout pass. To measure: 1 To arrange: 0
[2025-07-27 23:51:30.411] [INF] [] [Layout] [Avalonia.Layout.LayoutManager] Layout pass finished in "00:00:00.0000240"
[2025-07-27 23:51:30.422] [INF] [] [Layout] [Avalonia.Layout.LayoutManager] Started layout pass. To measure: 1 To arrange: 0
[2025-07-27 23:51:30.424] [INF] [] [Layout] [Avalonia.Layout.LayoutManager] Layout pass finished in "00:00:00.0000882"
[2025-07-27 23:51:34.584] [INF] [] [Layout] [Avalonia.Layout.LayoutManager] Started layout pass. To measure: 4 To arrange: 0
[2025-07-27 23:51:34.587] [INF] [] [Layout] [Avalonia.Layout.LayoutManager] Layout pass finished in "00:00:00.0002866"
[2025-07-27 23:54:25.707] [INF] [] [Layout] [Avalonia.Layout.LayoutManager] Started layout pass. To measure: 4 To arrange: 0
[2025-07-27 23:54:25.714] [INF] [] [Layout] [Avalonia.Layout.LayoutManager] Layout pass finished in "00:00:00.0004727"
[2025-07-27 23:54:27.167] [INF] [] [Layout] [Avalonia.Layout.LayoutManager] Started layout pass. To measure: 4 To arrange: 0
[2025-07-27 23:54:27.169] [INF] [] [Layout] [Avalonia.Layout.LayoutManager] Layout pass finished in "00:00:00.0001280"
[2025-07-27 23:54:30.656] [INF] [] [Layout] [Avalonia.Layout.LayoutManager] Started layout pass. To measure: 4 To arrange: 0
[2025-07-27 23:54:30.658] [INF] [] [Layout] [Avalonia.Layout.LayoutManager] Layout pass finished in "00:00:00.0002011"
[2025-07-27 23:54:30.994] [INF] [] [Layout] [Avalonia.Layout.LayoutManager] Started layout pass. To measure: 4 To arrange: 0
[2025-07-27 23:54:30.996] [INF] [] [Layout] [Avalonia.Layout.LayoutManager] Layout pass finished in "00:00:00.0001677"
